question_id,pmid,year,question,context,long_answer,correct_answer
main_001,9745063,1998,Is laparoscopic sonography a reliable and sensitive procedure for staging colorectal cancer?,"Laparoscopic colectomy has developed rapidly with the explosion of technology. In most cases, laparoscopic resection is performed for colorectal cancer. Intraoperative staging during laparoscopic procedure is limited. Laparoscopic ultrasonography (LUS) represents the only real alternative to manual palpation during laparoscopic surgery. We evaluated the diagnostic accuracy of LUS in comparison with preoperative staging and laparoscopy in 33 patients with colorectal cancer. Preoperative staging included abdominal US, CT, and endoscopic US (for rectal cancer). Laparoscopy and LUS were performed in all cases. Pre- and intraoperative staging were related to definitive histology. Staging was done according to the TNM classification. LUS obtained good results in the evaluation of hepatic metastases, with a sensitivity of 100% versus 62.5% and 75% by preoperative diagnostic means and laparoscopy, respectively. Nodal metastases were diagnosed with a sensitivity of 94% versus 18% with preoperative staging and 6% with laparoscopy, but the method had a low specificity (53%). The therapeutic program was changed thanks to laparoscopy and LUS in 11 cases (33%). In four cases (12%), the planned therapeutic approach was changed after LUS alone.","The results obtained in this study demonstrate that LUS is an accurate and highly sensitive procedure in staging colorectal cancer, providing a useful and reliable diagnostic tool complementary to laparoscopy.",yes
main_002,20594006,2010,A patient with myelomeningocele: is untethering necessary prior to scoliosis correction?,"Tethering of the spinal cord is thought to increase the chance of neurological injury when scoliosis correction is undertaken. All patients with myelomeningocele (MM) are radiographically tethered, and untethering procedures carry significant morbidity risks including worsening neurological function and wound complications. No guidelines exist as regards untethering in patients with MM prior to scoliosis correction surgery. The authors' aim in this study was to evaluate their experience in patients with MM who were not untethered before scoliosis correction. Seventeen patients with MM were retrospectively identified and 1) had no evidence of a clinically symptomatic tethered cord, 2) had undergone spinal fusion for scoliosis correction, and 3) had not been untethered for at least 1 year prior to surgery. The minimum follow-up after fusion was 2 years. Charts and radiographs were reviewed for neurological or shunt complications in the perioperative period. The average age of the patients was 12.4 years, and the following neurological levels were affected: T-12 and above, 7 patients; L-1/L-2, 6 patients; L-3, 2 patients; and L-4, 2 patients. All were radiographically tethered as confirmed on MR imaging. Fourteen of the patients (82%) had a ventriculoperitoneal shunt. The mean Cobb angle was corrected from 82 degrees to 35 degrees , for a 57% correction. All patients underwent neuromonitoring of their upper extremities, and some underwent lower extremity monitoring as well. Postoperatively, no patient experienced a new cranial nerve palsy, shunt malfunction, change in urological function, or upper extremity weakness/sensory loss. One patient had transient lower extremity weakness, which returned to baseline within 1 month of surgery.","The study results suggested that spinal cord untethering may be unnecessary in patients with MM who are undergoing scoliosis corrective surgery and do not present with clinical symptoms of a tethered cord, even though tethering is radiographically demonstrated.",no
main_003,16418930,2006,Landolt C and snellen e acuity: differences in strabismus amblyopia?,"Assessment of visual acuity depends on the optotypes used for measurement. The ability to recognize different optotypes differs even if their critical details appear under the same visual angle. Since optotypes are evaluated on individuals with good visual acuity and without eye disorders, differences in the lower visual acuity range cannot be excluded. In this study, visual acuity measured with the Snellen E was compared to the Landolt C acuity. 100 patients (age 8 - 90 years, median 60.5 years) with various eye disorders, among them 39 with amblyopia due to strabismus, and 13 healthy volunteers were tested. Charts with the Snellen E and the Landolt C (Precision Vision) which mimic the ETDRS charts were used to assess visual acuity. Three out of 5 optotypes per line had to be correctly identified, while wrong answers were monitored. In the group of patients, the eyes with the lower visual acuity, and the right eyes of the healthy subjects, were evaluated. Differences between Landolt C acuity (LR) and Snellen E acuity (SE) were small. The mean decimal values for LR and SE were 0.25 and 0.29 in the entire group and 0.14 and 0.16 for the eyes with strabismus amblyopia. The mean difference between LR and SE was 0.55 lines in the entire group and 0.55 lines for the eyes with strabismus amblyopia, with higher values of SE in both groups. The results of the other groups were similar with only small differences between LR and SE.","Using the charts described, there was only a slight overestimation of visual acuity by the Snellen E compared to the Landolt C, even in strabismus amblyopia. Small differences in the lower visual acuity range have to be considered.",no
main_004,24267613,2013,Is the advanced age a contraindication to GERD laparoscopic surgery?,"In this prospective non randomized observational cohort study we have evaluated the influence of age on outcome of laparoscopic total fundoplication for GERD. Six hundred and twenty consecutive patients underwent total laparoscopic fundoplication for GERD. Five hundred and twenty-four patients were younger than 65 years (YG), and 96 patients were 65 years or older (EG). The following parameters were considered in the preoperative and postoperative evaluation: presence, duration, and severity of GERD symptoms, presence of a hiatal hernia, manometric and 24 hour pH-monitoring data, duration of operation, incidence of complications and length of hospital stay. Elderly patients more often had atypical symptoms of GERD and at manometric evaluation had a higher rate of impaired esophageal peristalsis in comparison with younger patients. The duration of the operation was similar between the two groups. The incidence of intraoperative and postoperative complications was low and the difference was not statistically significant between the two groups. An excellent outcome was observed in 93.0% of young patients and in 88.9% of elderly patients (p = NS).","Laparoscopic antireflux surgery is a safe and effective treatment for GERD even in elderly patients, warranting low morbidity and mortality rates and a significant improvement of symptoms comparable to younger patients.",no
main_005,25228241,2014,Elephant trunk in a small-calibre true lumen for chronic aortic dissection: cause of haemolytic anaemia?,"The elephant trunk technique for aortic dissection is useful for reducing false lumen pressure; however, a folded vascular prosthesis inside the aorta can cause haemolysis. The purpose of this study was to investigate whether an elephant trunk in a small-calibre lumen can cause haemolysis. Inpatient and outpatient records were retrospectively reviewed. Two cases of haemolytic anaemia after aortic surgery using the elephant trunk technique were identified from 2011 to 2013. A 64-year-old man, who underwent graft replacement of the ascending aorta for acute Stanford type A aortic dissection, presented with enlargement of the chronic dissection of the descending aorta and moderate aortic regurgitation. A two-stage surgery was scheduled. Total arch replacement with an elephant trunk in the true lumen and concomitant aortic valve replacement were performed. Postoperatively, he developed severe haemolytic anaemia because of the folded elephant trunk. The anaemia improved after the second surgery, including graft replacement of the descending aorta. Similarly, a 61-year-old man, who underwent total arch replacement for acute Stanford type A aortic dissection, presented with enlargement of the chronic dissection of the descending aorta. Graft replacement of the descending aorta with an elephant trunk inserted into the true lumen was performed. The patient postoperatively developed haemolytic anaemia because of the folded elephant trunk, which improved after additional stent grafting into the elephant trunk.","A folded elephant trunk in a small-calibre lumen can cause haemolysis. Therefore, inserting an elephant trunk in a small-calibre true lumen during surgery for chronic aortic dissection should be avoided.",yes
main_006,23455575,2014,Globulomaxillary cysts--do they really exist?,"The so-called ""globulomaxillary cyst"", described as a fissural cyst, caused by entrapped epithelium between the nasal and maxillary process, is no longer considered for its own entity. Nevertheless, cystic lesions, which correspond to the previous image of globulomaxillary cysts, do still occur in daily practice. This raises the question to which entities pathological processes in this particular region actually belong to. In a retrospective study, 17 cases (12 men and 5 women, 12-59 years old) of primarily diagnosed globulomaxillary cysts are analysed according to clinical, radiological and histological aspects, catamnestic processed and assigned to a new entity. The results are compared with the international literature and draws conclusions on the diagnostic and therapeutic procedure. Seven lateral periodontal cysts, four radicular cysts, two keratocystic odontogenic tumours, one adenomatoid odontogenic tumour, one periapical granuloma, one residual cyst and one undefined jaw cyst were determined.","According to the results of our study and the data from the international literature, the entity globulomaxillary cyst is no longer justified.",no
main_007,11438275,2001,Does patient position during liver surgery influence the risk of venous air embolism?,"It is generally believed that positioning of the patient in a head-down tilt (Trendelenberg position) decreases the likelihood of a venous air embolism during liver resection. The physiological effect of variation in horizontal attitude on central and hepatic venous pressure was measured in 10 patients during liver surgery. Hemodynamic indices were recorded with the operating table in the horizontal, 20 degrees head-up and 20 degrees head-down positions. There was no demonstrable pressure gradient between the hepatic and central venous levels in any of the positions. The absolute pressures did, however, vary in a predictable way, being highest in the head-down and lowest during head-up tilt. However, on no occasion was a negative intraluminal pressure recorded.",The effect on venous pressures caused by the change in patient positioning alone during liver surgery does not affect the risk of venous air embolism.,no
main_008,23414523,2013,Does binge drinking during early pregnancy increase the risk of psychomotor deficits?,"The potential effects of binge drinking during pregnancy on child motor function have only been assessed in a few, small studies. We aimed to examine the effects of binge alcohol consumption during early pregnancy, including number of binge episodes and timing of binge drinking, on child motor function at age 5. We performed a prospective follow-up study of 678 women and their children sampled from the Danish National Birth Cohort based on maternal alcohol consumption during pregnancy. At 5 years of age, the children were tested with the Movement Assessment Battery for Children. Parental education, maternal IQ, prenatal maternal smoking, the child's age at testing, sex of child, and tester were considered core confounders, while the full model also controlled for prenatal maternal average alcohol intake, maternal age and prepregnancy body mass index, parity, home environment, postnatal parental smoking, health status, participation in organized sport, and indicators for hearing and vision impairment. There were no systematic or significant differences in motor function between children of mothers reporting isolated episodes of binge drinking and children of mothers with no binge episodes. No association was observed with respect to the number of binge episodes (maximum of 12) and timing of binge drinking.","In this study, we found no systematic association between isolated episodes of binge drinking during early pregnancy and child motor function at age 5.",no
main_009,20338971,,Does peritoneal dialysis affect halitosis in patients with end-stage renal disease?,"There are various causes of halitosis, one of which is chronic renal failure. The objective of this study was to investigate halitosis levels in end-stage renal disease (ESRD) patients before and after peritoneal dialysis (PD) therapy. 42 subjects with ESRD were included in this study. The presence of halitosis was assessed using an organoleptic measurement and compared with blood urea nitrogen (BUN) levels and salivary flow rates. Decayed, missing, and filled teeth (DMFT) index and Community Periodontal Index (CPI) were calculated. All measurements were done before and after patients had received 3 months of PD therapy. Mean serum BUN level was found to be lower (46.05 ± 13.30 vs 91.24 ± 31.28 mg/dL), salivary flow rate higher (0.34 ± 0.07 vs 0.26 ± 0.04 mL/minute), and halitosis level lower (2.39 ± 0.60 vs 3.90 ± 0.37) at the end of 3 months of PD therapy than at the beginning of PD therapy. There was no significant difference in CPI or DMFT index before and after PD therapy (p>0.05). There was statistically significant positive correlation between the presence of halitosis and BUN levels (r = 0.702, p = 0.001 before PD; r = 0.45, p = 0.002 after PD) and a negative correlation between the presence of halitosis and salivary flow rates (r = -0.69, p = 0.000 before PD; r = -0.37, p = 0.01 after PD).",High BUN levels and low salivary flow rates were found to be associated with halitosis. PD may play an important role in decreasing the level of halitosis in ESRD patients.,yes
main_010,25752725,2015,Schizophrenia patients with high intelligence: A clinically distinct sub-type of schizophrenia?,"Schizophrenia patients are typically found to have low IQ both pre- and post-onset, in comparison to the general population. However, a subgroup of patients displays above average IQ pre-onset. The nature of these patients' illness and its relationship to typical schizophrenia is not well understood. The current study sought to investigate the symptom profile of high-IQ schizophrenia patients. We identified 29 schizophrenia patients of exceptionally high pre-morbid intelligence (mean estimated pre-morbid intelligence quotient (IQ) of 120), of whom around half also showed minimal decline (less than 10 IQ points) from their estimated pre-morbid IQ. We compared their symptom scores (SAPS, SANS, OPCRIT, MADRS, GAF, SAI-E) with a comparison group of schizophrenia patients of typical IQ using multinomial logistic regression. The patients with very high pre-morbid IQ had significantly lower scores on negative and disorganised symptoms than typical patients (RRR=0.019; 95% CI=0.001, 0.675, P=0.030), and showed better global functioning and insight (RRR=1.082; 95% CI=1.020, 1.148; P=0.009). Those with a minimal post-onset IQ decline also showed higher levels of manic symptoms (RRR=8.213; 95% CI=1.042, 64.750, P=0.046).","These findings provide evidence for the existence of a high-IQ variant of schizophrenia that is associated with markedly fewer negative symptoms than typical schizophrenia, and lends support to the idea of a psychosis spectrum or continuum over boundaried diagnostic categories.",yes
main_011,24671913,2014,Does SYNTAX score predict in-hospital outcomes in patients with ST elevation myocardial infarction undergoing primary percutaneous coronary intervention?,"SYNTAX score (SxS) has been demonstrated to predict long-term outcomes in stable patients with coronary artery disease. But its prognostic value for patients with acute coronary syndrome remains unknown.AIM: To evaluate whether SxS could predict in-hospital outcomes for patients admitted with ST elevation myocardial infarction (STEMI) who undergo primary percutaneous coronary intervention (pPCI). The study included 538 patients with STEMI who underwent pPCI between January 2010 and December 2012. The patients were divided into two groups: low SxS (<22) and high SxS (>22). The SxS of all patients was calculated from aninitial angiogram and TIMI flow grade of infarct related artery was calculated after pPCI. Left ventricular systolic functions of the patients were evaluated with an echocardiogram in the following week. The rates of reinfarction and mortality during hospitalisation were obtained from the medical records of our hospital. The high SxS group had more no-reflow (41% and 25.1%, p<0.001, respectively), lower ejection fraction (38.2 ± 7.5% and 44.6 ± 8.8%, p<0.001, respectively), and greater rates of re-infarction (9.5% and 7.3%, p = 0.037, respectively) and mortality (0.9% and 0.2%, p = 0.021, respectively) during hospitalisation compared to the low SxS group. On multivariate logistic regression analysis including clinical variables, SxS was an independent predictor of no-reflow (OR 1.081, 95% CI 1.032-1.133, p = 0.001).",SxS is a useful tool that can predict in-hospital outcomes of patients with STEMI undergoing pPCI.,yes
main_012,23761381,2013,Is calibration the cause of variation in liquid chromatography tandem mass spectrometry testosterone measurement?,"Testosterone measurement by liquid chromatography tandem mass spectrometry (LC-MS/MS) is well accepted as the preferred technique for the analysis of testosterone. Variation is seen between assays and this may be due to differences in calibration as commercial calibrators for this assay are not readily available. We investigated the effects calibration in routine clinical LC-MS/MS assays. All LC-MS/MS users that were registered with the UKNEQAS external quality assurance scheme for testosterone were invited to take part in the study. A set of seven serum samples and serum-based calibrators were sent to all laboratories that expressed an interest. The laboratories were instructed to analyse all samples using there own calibrators and return the results and a method questionnaire for analysis. Fifteen laboratories took part in the study. There was no consensus on supplier of testosterone or matrix for the preparation of calibrators and all were prepared in-house. Also, a wide variety of mass spectrometers, internal standards, chromatography conditions and sample extractions were used. The variation in results did not improve when the results were corrected with a common calibrator.",The variation in results obtained could not be attributed to variations in calibrators. The differences in methodologies between laboratories must be the reason for this variation.,no
main_013,27456836,2016,Do Electrochemiluminescence Assays Improve Prediction of Time to Type 1 Diabetes in Autoantibody-Positive TrialNet Subjects?,"To explore whether electrochemiluminescence (ECL) assays can help improve prediction of time to type 1 diabetes in the TrialNet autoantibody-positive population. TrialNet subjects who were positive for one or more autoantibodies (microinsulin autoantibody, GAD65 autoantibody [GADA], IA-2A, and ZnT8A) with available ECL-insulin autoantibody (IAA) and ECL-GADA data at their initial visit were analyzed; after a median follow-up of 24 months, 177 of these 1,287 subjects developed diabetes. Univariate analyses showed that autoantibodies by radioimmunoassays (RIAs), ECL-IAA, ECL-GADA, age, sex, number of positive autoantibodies, presence of HLA DR3/4-DQ8 genotype, HbA1c, and oral glucose tolerance test (OGTT) measurements were all significantly associated with progression to diabetes. Subjects who were ECL positive had a risk of progression to diabetes within 6 years of 58% compared with 5% for the ECL-negative subjects (P<0.0001). Multivariate Cox proportional hazards models were compared, with the base model including age, sex, OGTT measurements, and number of positive autoantibodies by RIAs. The model with positivity for ECL-GADA and/or ECL-IAA was the best, and factors that remained significantly associated with time to diabetes were area under the curve (AUC) C-peptide, fasting C-peptide, AUC glucose, number of positive autoantibodies by RIAs, and ECL positivity. Adding ECL to the Diabetes Prevention Trial risk score (DPTRS) improved the receiver operating characteristic curves with AUC of 0.83 (P<0.0001).",ECL assays improved the ability to predict time to diabetes in these autoantibody-positive relatives at risk for developing diabetes. These findings might be helpful in the design and eligibility criteria for prevention trials in the future.,yes
main_014,24019262,2014,Does high blood pressure reduce the risk of chronic low back pain?,"Epidemiological studies have suggested inverse relationships between blood pressure and prevalence of conditions such as migraine and headache. It is not yet clear whether similar relationships can be established for back pain in particular in prospective studies. Associations between blood pressure and chronic low back pain were explored in the cross-sectional HUNT 2 survey of a Norwegian county in 1995-1997, including 39,872 individuals who never used antihypertensive medication. A prospective study, comprising 17,209 initially back pain-free individuals and 5740 individuals reporting low back pain, was established by re-examinations in the HUNT 3 survey in 2006-2008. Associations were assessed by logistic regression with respect to systolic, diastolic and pulse pressure, with adjustment for education, work status, physical activity, smoking, body mass and lipid levels. In the cross-sectional study, all three blood pressure measures showed inverse relationships with prevalence of low back pain in both sexes. In the prospective study of disease-free women, baseline pulse pressure and systolic pressure were inversely associated with risk of low back pain [odds ratio (OR) 0.93 per 10 mm Hg increase in pulse pressure, 95% confidence interval (CI) 0.89-0.98, p = 0.007; OR 0.95 per 10 mm Hg increase in systolic pressure, 95% CI 0.92-0.99, p = 0.005]. Results among men were equivocal. No associations were indicated with the occurrence of pain in individuals with low back pain at baseline.","Results for low back pain are consistent with the theory of hypertension-associated hypalgesia, predicting diminished pain sensitivity with increasing blood pressure, possibly with modified reactions in people suffering from long-lasting pain.",yes
main_015,18847643,2008,Therapeutic anticoagulation in the trauma patient: is it safe?,"Trauma patients who require therapeutic anticoagulation pose a difficult treatment problem. The purpose of this study was to determine: (1) the incidence of complications using therapeutic anticoagulation in trauma patients, and (2) if any patient factors are associated with these complications. An 18-month retrospective review was performed on trauma patients>or= 15 years old who received therapeutic anticoagulation using unfractionated heparin (UH) and/or fractionated heparin (FH). Forty different pre-treatment and treatment patient characteristics were recorded. Complications of anticoagulation were documented and defined as any unanticipated discontinuation of the anticoagulant for bleeding or other adverse events. One-hundred-fourteen trauma patients were initiated on therapeutic anticoagulation. The most common indication for anticoagulation was deep venous thrombosis (46%). Twenty-four patients (21%) had at least 1 anticoagulation complication. The most common complication was a sudden drop in hemoglobin concentration requiring blood transfusion (11 patients). Five patients died (4%), 3 of whom had significant hemorrhage attributed to anticoagulation. Bivariate followed by logistic regression analysis identified chronic obstructive pulmonary disease (OR = 9.2, 95%CI = 1.5-54.7), UH use (OR = 3.8, 95%CI = 1.1-13.0), and lower initial platelet count (OR = 1.004, 95%CI = 1.000-1.008) as being associated with complications. Patients receiving UH vs. FH differed in several characteristics including laboratory values and anticoagulation indications.","Trauma patients have a significant complication rate related to anticoagulation therapy, and predicting which patients will develop a complication remains unclear. Prospective studies are needed to determine which treatment regimen, if any, is appropriate to safely anticoagulate this high risk population.",no
main_016,8262881,1993,Body dysmorphic disorder: does it have a psychotic subtype?,"Although body dysmorphic disorder (BDD) is classified in DSM-III-R as a nonpsychotic somatoform disorder, controversy exists as to whether BDD can present with psychotic features. If it can, this raises the possibility that its DSM-III-R psychotic counterpart-delusional disorder, somatic type--may not be a separate disorder. The purpose of this study was to determine whether patients with nonpsychotic BDD (defined according to DSM-III-R criteria, i.e., with maintenance of some insight) were different from patients with psychotic BDD (those whose preoccupation was without insight and of delusional intensity). Fifty consecutive patients meeting DSM-III-R criteria A and C for BDD were assessed with a semistructured interview and the Structured Clinical Interview for DSM-III-R (SCID). Family histories of psychiatric disorders were blindly assessed. The 24 patients with nonpsychotic BDD were compared with the 26 patients with psychotic BDD with respect to demographics, phenomenology, course of illness, associated features, comorbid psychiatric disorders, family history, and treatment response. Patients with psychotic BDD displayed a significantly higher rate of lifetime DSM-III-R psychotic disorder diagnoses than patients with nonpsychotic BDD. However, the two groups did not differ significantly on most other variables examined. For instance, both psychotic and nonpsychotic patients displayed significant morbidity; high comorbidity with mood, anxiety, and psychoactive substance use disorders; and apparent preferential response to serotonin reuptake inhibitors rather than to non-serotonin reuptake blocking antidepressants or antipsychotics.","Body dysmorphic disorder may have a closely related psychotic subtype that significantly overlaps with, or may even be the same disorder as, the BDD variant of delusional disorder, somatic type. Inclusion of a psychotic subtype for BDD should be considered for future editions of DSM.",yes
main_017,18274917,2008,Prognosis of low-tone sudden deafness - does it inevitably progress to Meniere's disease?,"To investigate whether low-tone SD was a precursor of Meniere's disease and whether patients with low-tone SD suffered from endolymphatic hydrops. This was a retrospective case review in the university hospital. A total of 184 patients with low-tone SD were divided into two groups with single and recurrent episodes. The progress, follow-up audiograms, and ECochG results of the patients were reviewed and compared with those of patients with high-tone SD and Meniere's disease. In all, 83 of 177 patients with low-tone SD unaccompanied by vertigo had recurrent hearing loss; 15 of the 83 developed vertiginous attacks. The remaining 94 patients had a single episode. Three of the seven patients with low-tone SD accompanied by vertigo had recurrent hearing loss; two of the three were subsequently confirmed to have Meniere's disease. The other four had a single episode. No difference in rate of progress from SD to Meniere's disease was observed among the low-tone and the high-tone SD groups. The average -SP/AP of each group with a single episode is smaller than that of other groups with recurrent episodes and Meniere's disease.",We conclude that not all low-tone sudden deafness (SD) patients suffered from endolymphatic hydrops even if they had vertigo attack at the onset and that electrocochleography (ECochG) was a useful prognostic tool.,no
main_018,26601554,2015,Do viral infections have a role in benign paroxysmal positional vertigo?,"To investigate the role of viral infection in benign paroxysmal positional vertigo (BPPV). In this retrospective study, 483 patients with BPPV were included in the study group. The control group consisted of 461 healthy subjects. In both groups, serologic analysis of viral agents (HSV1, HSV2, Herpes zoster, EBV, CMV, adenovirus, influenza, and parainfluenza virus) was performed. With the exception of influenza and parainfluenza, all viral serology values were higher in the BBPV group than the control group. We also observed seasonal variation. The BPPV group exhibited elevated values for HSV1 and adenovirus in March and May, for Herpes zoster, adenovirus, and influenza in April, for HSV1 in June, and for HSV1 and CMV in September, compared to the control group. In October, the BPPV group showed increased values for all of the viruses studied, compared to the control group.","BPPV is associated with positive viral serology, particularly during certain months of the year, mainly in spring and autumn. Viral infection might promote BPPV attacks due to the development of vestibulopathy or induce secondary BPPV via viral infection-related neurolabyrinthitis.",yes
main_019,26175531,2015,Is Aspiration Thrombectomy Beneficial in Patients Undergoing Primary Percutaneous Coronary Intervention?,"It is unclear whether intravenous glycoprotein IIb/IIIa inhibitors or ischemic time might modify any clinical benefits observed with aspiration thrombectomy before primary percutaneous coronary intervention (PCI) in patients with ST-segment-elevation myocardial infarction. Electronic databases were searched for trials that randomized ST-segment-elevation myocardial infarction patients to aspiration thrombectomy before PCI versus conventional PCI. Summary estimates were constructed using a DerSimonian-Laird model. Seventeen trials with 20 960 patients were available for analysis. When compared with conventional PCI, aspiration thrombectomy was not associated with a significant reduction in the risk of mortality 2.8% versus 3.2% (risk ratio [RR], 0.89; 95% confidence interval [CI], 0.76-1.04; P=0.13), reinfarction 1.3% versus 1.4% (RR, 0.93; 95% CI, 0.73-1.17; P=0.52), the combined outcome of mortality or reinfarction 4.1% versus 4.6% (RR, 0.90; 95% CI, 0.79-1.02; P=0.11), or stent thrombosis 0.9% versus 1.2% (RR, 0.82; 95% CI, 0.62-1.08; P=0.15). Aspiration thrombectomy was associated with a nonsignificant increase in the risk of stroke 0.6% versus 0.4% (RR, 1.45; 95% CI, 0.96-2.21; P=0.08). Meta-regression analysis did not identify a difference for the log RR of mortality, reinfarction, and the combined outcome of mortality or reinfarction with intravenous glycoprotein IIb/IIIa inhibitors (P=0.17, 0.70, and 0.50, respectively) or with ischemic time (P=0.29, 0.66, and 0.58, respectively).",Aspiration thrombectomy before primary PCI is not associated with any benefit on clinical end points and might increase the risk of stroke. Concomitant administration of intravenous glycoprotein IIb/IIIa inhibitors and ischemic time did not seem to influence any potential benefits observed with aspiration thrombectomy.,no
main_020,15670262,2005,"Is gastric electrical stimulation superior to standard pharmacologic therapy in improving GI symptoms, healthcare resources, and long-term health care benefits?","Severe upper gastrointestinal (GI) motor disorders, including gastroparesis (GP), can consume significant health care resources. Many patients are refractory to traditional drug therapy. To compare symptoms, healthcare resource utilization and costs in two groups of patients with the symptoms of GP: those treated via gastric electrical stimulation (GES) and those treated with traditional pharmacological agents in an intensive outpatient program (MED). A long-term comparison of patients with devices (n = 9) vs intensive medical therapy (n = 9). A total of 18 eligible patients with the symptoms of GP reported for 1-year baseline and long-term treatment for 3 years. Patients with the symptoms of GP were treated by a GES or intensive medical therapy (MED). GP Symptoms, healthcare resource utilization using investigator-derived independent outcome measure score (IDIOMS) and total hospital (inpatient and outpatient) billing costs. Gastrointestinal symptoms were significantly different from baseline (F = 3.03, P<0.017) with GP patients treated via GES showing more sustained improvement over 36 months than those treated via MED. Healthcare resource usage, measured via the IDIOMS, significantly improved at 12, 24 and 36 month follow-up for GES patients (F = 10.49, P<0.001), compared with patients receiving medical therapy, who demonstrated further deterioration. GP patients treated via GES also proved superior to medical therapy at 24 and 36 months with regard to decreased costs (F = 4.85, P<0.001). Within group comparisons indicated significantly reduced hospital days for both patient groups; however, no statistical differences were noted between groups in terms of hospital days. Three of nine patients in the MED group died primarily from i.v. access related problems; none of the GES patients died.","We conclude that GES is more effective in improving long-term GI symptoms and costs, and decreasing use of healthcare resources than intensive medical therapy, in this sample of patients with the symptoms of GP followed for 3 years. Certain patients with GP form a high-risk group in terms of costs, quality of life, morbidity and mortality.",yes
main_021,22453060,2012,Does a 4 diagram manual enable laypersons to operate the Laryngeal Mask Supreme®?,"Bystander resuscitation plays an important role in lifesaving cardiopulmonary resuscitation (CPR). A significant reduction in the ""no-flow-time"", quantitatively better chest compressions and an improved quality of ventilation can be demonstrated during CPR using supraglottic airway devices (SADs). Previous studies have demonstrated the ability of inexperienced persons to operate SADs after brief instruction. The aim of this pilot study was to determine whether an instruction manual consisting of four diagrams enables laypersons to operate a Laryngeal Mask Supreme® (LMAS) in the manikin. An instruction manual of four illustrations with speech bubbles displaying the correct use of the LMAS was designed. Laypersons were handed a bag containing a LMAS, a bag mask valve device (BMV), a syringe prefilled with air and the instruction sheet, and were asked to perform and ventilate the manikin as displayed. Time to ventilation was recorded and degree of success evaluated. A total of 150 laypersons took part. Overall 145 participants (96.7%) inserted the LMAS in the manikin in the right direction. The device was inserted inverted or twisted in 13 (8.7%) attempts. Eight (5.3%) individuals recognized this and corrected the position. Within the first 2 minutes 119 (79.3%) applicants were able to insert the LMAS and provide tidal volumes greater than 150 ml (estimated dead space). Time to insertion and first ventilation was 83.2 ± 29 s. No significant difference related to previous BLS training (P = 0.85), technical education (P = 0.07) or gender could be demonstrated (P = 0.25).",In manikin laypersons could insert LMAS in the correct direction after onsite instruction by a simple manual with a high success rate. This indicates some basic procedural understanding and intellectual transfer in principle. Operating errors (n = 91) were frequently not recognized and corrected (n = 77). Improvements in labeling and the quality of instructional photographs may reduce individual error and may optimize understanding.,yes
main_022,11413427,2001,Does transverse apex coincide with coronal apex levels (regional or global) in adolescent idiopathic scoliosis?,"Cross-sectional. To identify the regional and global apexes of curves in adolescent idiopathic scoliosis and to compare the levels of those with the most rotated vertebral levels on computed tomography scans. The terminology regarding the terms and definitions had been arbitrary until being refined and standardized by the Scoliosis Research Society Working Group on Three-Dimensional Terminology of Spinal Deformity. Apical vertebra or disc is defined as the most laterally deviated vertebra or disc in a scoliosis curve, but the most rotated vertebra (or disc) has not been included in this terminology. One study suggested that the most rotated vertebral level was always located at the apex. Thirty-three structural curves of 25 consecutive patients scheduled for surgery for thoracic or thoracolumbar scoliosis were analyzed with standing anteroposterior radiographs and computed tomography scans covering the curve apexes and pelvis. Thoracic and lumbar curves were evaluated separately for all Type II curves. Vertebral rotations were normalized by the rotation of the pelvis. The most rotated vertebral (or disc) levels (transverse apex) were compared with the regional and global apex levels (vertebra or disc) (coronal apexes) of the corresponding curves separately. Regional and global apexes were at the same level in 18 (54.5%) curves, and within half a level in another 15 (45.4%), and the regional apex was one level higher in two curves (95% confidence levels: -0.82, +0.88). Comparison of the most rotated levels with regional and global apex levels revealed a higher variability, extending up to two levels for the global apex (95% confidence levels: -1.19, +1.54 levels for the global and -1.0, +1.41 levels for the regional apexes).",This study demonstrated that the regional or global apex of a given curve is the most rotated level in only a minority of the curves. The most rotated level may be as far as two levels from the global apex and one level from the regional apex.,no
main_023,21190419,2011,Does nuchal translucency thickness in the first trimester predict GDM onset during pregnancy?,"This study was planned to evaluate whether increased nuchal translucency (NT) thickness in the first trimester of gestation can be related to onset of gestational diabetes mellitus (GDM) during pregnancy. From January 2006 to August 2008, a group of 678 singleton pregnancies who had developed GDM has been selected as a study group among a total of 3966 pregnant women who had undergone first trimester screening for aneuploidies at 11-14 weeks of gestation. A group of 420 single pregnant women with physiological pregnancy were enrolled as control group. Both fetal structural and karyotype's anomalies were excluded in the two groups. NT was mesured by a Fetal Medicine Foundation certificated operator; GDM was diagnosed at 24-28 weeks of gestation following Carpenter and Coustan criteria. In the analyses of continuos variables, study and control group were compared by Student's t-test and Anova test. There was no significative difference (p = 0.585) between NT values in the study (mean = 1.56) and control group (mean = 1.54).","NT thickness does not show a significative increase in those women who subsequently develop GDM. Therefore, NT assessment does not prove to be an useful ultrasound parameter for predicting GDM onset during pregnancy.",no
main_024,17335331,2007,"Diagnostic characteristics of child bipolar I disorder: does the ""Treatment of Early Age Mania (team)"" sample generalize?","To examine the representativeness of a randomized controlled trial (RCT) sample versus one obtained by consecutive new case ascertainment, for subjects with child bipolar I disorder. Subjects (N = 247) were outpatients who participated in either the National Institute of Mental Health-funded Phenomenology and Course of Pediatric Bipolar Disorders study or the Treatment of Early Age Mania (TEAM) study. Both studies required that subjects have current DSM-IV bipolar I disorder (manic or mixed phase) and a Children's Global Assessment Scale (CGAS) score<or=60. All subjects had elation and/or grandiosity. Subjects in the Phenomenology study were obtained from 1995 to 1998 by consecutive new case ascertainment from designated pediatric and psychiatric facilities. Subjects in the TEAM RCT were recruited from media and community sources between March 2003 and March 2005. Assessment instruments included the Washington University in St. Louis Kiddie Schedule for Affective Disorders and Schizophrenia, given separately to parents about their children and to children about themselves, and the CGAS. Logistic regression was used for comparisons. The TEAM and Phenomenology groups were similar in age (10.4 [SD = 2.3], 10.9 [SD = 2.3]years, respectively) and other demography. Both had long current episode duration (4.8 [SD = 2.4], 3.2 [SD = 2.3]years) and low lifetime use of any mood stabilizer (23.6%, 35.0%). Many mania symptoms and ultradian rapid cycling, psychosis, and suicidality were significantly more prevalent in the RCT sample.","Generalization of the RCT sample was supported, because only 7.8% of Phenomenology subjects did not fit the RCT criteria. Nevertheless, because the RCT subjects were more severely ill, it is unclear if treatment findings from the RCT will be applicable to children with less severe mania.",yes
main_025,25218577,2016,Preservation of the PCL when performing cruciate-retaining TKA: Is the tibial tuberosity a reliable predictor of the PCL footprint location?,"Reconstruction of the joint line is crucial in total knee arthroplasty (TKA). A routine height of tibial cut to maintain the natural joint line may compromise the preservation of the PCL. Since the PCL footprint is not accessible prior to tibial osteotomy, it seems beneficial to identify a reliable extraarticular anatomic landmark for predicting the PCL footprint and being visible within standard TKA approach. The fibula head predicts reliably the location of PCL footprint; however, it is not accessible during TKA. The aim of this study now was to analyze whether the tibial tuberosity can serve as a reliable referencing landmark to estimate the PCL footprint height prior to tibial cut. The first consecutive case series included 216 CR TKA. Standing postoperative lateral view radiographs were utilized to measure the vertical distance between tibial tuberosity and tibial osteotomy plane. In the second case series, 223 knee MRIs were consecutively analyzed to measure the vertical distance between tibial tuberosity and PCL footprint. The probability of partial or total PCL removal was calculated for different vertical distances between tibial tuberosity and tibial cutting surface. The vertical distance between the tibial tuberosity and tibial cut averaged 24.7 ± 4 mm. The average vertical distance from tibial tuberosity to proximal and to distal PCL footprint was found to be 22 ± 4.4 and 16 ± 4.4 mm, respectively. Five knees were considered at 50% risk of an entire PCL removal after CR TKA.","Current surgical techniques of tibial preparation may result in partial or total PCL damage. Tibial tuberosity is a useful anatomical landmark to locate the PCL footprint and to predict the probability of its detachment pre-, intra-, and postoperatively. This knowledge might be useful to predict and avoid instability, consecutive pain, and dissatisfaction after TKA related to PCL insufficiency.",yes
main_026,12090319,2002,Is there a need for pelvic CT scan in cases of renal cell carcinoma?,"To determine the necessity of pelvic computed tomography (CT) in patients of renal cell carcinoma (RCC). We reviewed the records of 400 patients of RCC, who underwent treatment at our institution between January 1988 and February 2001. These patients were evaluated pre-operatively with ultrasonograms (USG) and contrast enhanced CT scan of the abdomen and pelvis. USG or CT scans of these cases were reviewed for presence of pathology in the pelvis, which were classified into 3 categories viz; benign and likely to be insignificant, benign and likely to be significant; and malignant. Of the 400 cases, 114 were stage I, 68 were stage II, 99 were stage III and 119 were stage IV. In all patients, tumour was identified in the kidney on preoperative CT scan. Fourteen patients (3.5%) had an abnormality on pelvic CT. Five (1.25%) had category 1, three (0.75%) had category 2 and six (1.5%) had category 3 abnormality on pelvic CT. However, all these abnormalities in pelvis were detected prior to CT by other investigations (USG or plain x-ray). Of the six cases with malignant findings, two had superficial bladder cancer, one had RCC in a pelvic kidney and three had bone metastases in the pelvis.",Pelvic CT does not offer additional information in the vast majority of cases with RCC and should be performed selectively. Thus the cost of diagnostic imaging in RCC can be reduced.,no
main_027,19683101,2009,Can D-dimer become a new diagnostic parameter for acute appendicitis?,"In this study, we investigated D-dimer serum level as a diagnostic parameter for acute appendicitis. Forty-nine patients were enrolled in the study. Patients were classified according to age; sex; duration between the beginning of pain and referral to a hospital or clinic; Alvarado scores; and in physical examination, presence of muscular defense, the number of leukocytes, preoperative ultrasonography, and D-dimer levels of histopathologic study groups were analyzed. Of the patients enrolled in the study, 26.5% were females and 73.5% males. The average age was 21 years (range, 16-38 years) and 81.7% acute appendicitis (AA). According the duration of pain, 63.2% of the patients were referred to the hospital within the first 24 hours, 26.5% of the patients were referred to the hospital within 24 to 48 hours, and 10.3% were referred to the hospital within a period of more than 48 hours. No statistically significant difference was determined regarding D-dimer levels between the histopathologic study groups (P>.05). Alvarado scores lower than 7 were found in 36.7% and 7 or higher in 63.3% of the patients. There was no statistically significant difference related with D-dimer levels between histopathologic study groups (P>.05). The ratio of cases with a number of leukocytes below the upper limit were determined respectively as 32.7% and 67.3%, and no statistically significant difference was found regarding d-dimer levels between histopathologic study groups (P>.05).",Increased D-dimer levels should not be considered as a diagnostic parameter in diagnosis of acute appendicitis.,no
main_028,16678696,2006,Continuity of care experience of residents in an academic vascular department: are trainees learning complete surgical care?,"It is widely accepted that exemplary surgical care involves a surgeon's involvement in the preoperative, perioperative, and postoperative periods. In an era of ever-expanding therapeutic modalities available to the vascular surgeon, it is important that trainees gain experience in preoperative decision-making and how this affects a patient's operative and postoperative course. The purpose of this study was to define the current experience of residents on a vascular surgery service regarding the continuity of care they are able to provide for patients and the factors affecting this experience. This prospective cohort study was approved by the Institutional Review Board and conducted at the University of British Columbia during January 2005. All patients who underwent a vascular procedure at either of the two teaching hospitals were included. In addition to type of case (emergent, outpatient, inpatient), resident demographic data and involvement in each patient's care (preoperative assessment, postoperative daily assessment, and follow-up clinic assessment) were recorded. Categoric data were analyzed with the chi2 test. The study included 159 cases, of which 65% were elective same-day admission patients, 20% were elective previously admitted patients; and 15% were emergent. The overall rate of preoperative assessment was 67%, involvement in the decision to operate, 17%; postoperative assessment on the ward, 79%; and patient follow-up in clinic, 3%. The rate of complete in-hospital continuity of care (assessing patient pre-op and post-op) was 57%. Emergent cases were associated with a significantly higher rate of preoperative assessment (92% vs 63%, P<.05). For elective cases admitted before the day of surgery compared with same-day admission patients, the rates of preoperative assessment (78% vs 58%, P<.05) and involvement in the decision to operate (16% vs 4%, P<.05) were significantly higher.","The continuity-of-care experiences of vascular trainees are suboptimal. This is especially true for postoperative clinic assessment. Same-day admission surgery accounted for most of the cases and was associated with the poorest continuity of care. To provide complete surgical training in an era of changing therapeutic modalities and same-day admission surgery, vascular programs must be creative in structuring training to include adequate ambulatory experience.",no
main_029,15112004,2004,Are WHO/UNAIDS/UNICEF-recommended replacement milks for infants of HIV-infected mothers appropriate in the South African context?,"Little is known about the nutritional adequacy and feasibility of breastmilk replacement options recommended by WHO/UNAIDS/UNICEF. The study aim was to explore suitability of the 2001 feeding recommendations for infants of HIV-infected mothers for a rural region in KwaZulu Natal, South Africa specifically with respect to adequacy of micronutrients and essential fatty acids, cost, and preparation times of replacement milks. Nutritional adequacy, cost, and preparation time of home-prepared replacement milks containing powdered full cream milk (PM) and fresh full cream milk (FM) and different micronutrient supplements (2 g UNICEF micronutrient sachet, government supplement routinely available in district public health clinics, and best available liquid paediatric supplement found in local pharmacies) were compared. Costs of locally available ingredients for replacement milk were used to calculate monthly costs for infants aged one, three, and six months. Total monthly costs of ingredients of commercial and home-prepared replacement milks were compared with each other and the average monthly income of domestic or shop workers. Time needed to prepare one feed of replacement milk was simulated. When mixed with water, sugar, and each micronutrient supplement, PM and FM provided<50% of estimated required amounts for vitamins E and C, folic acid, iodine, and selenium and<75% for zinc and pantothenic acid. PM and FM made with UNICEF micronutrient sachets provided 30% adequate intake for niacin. FM prepared with any micronutrient supplement provided no more than 32% vitamin D. All PMs provided more than adequate amounts of vitamin D. Compared with the commercial formula, PM and FM provided 8-60% of vitamins A, E, and C, folic acid, manganese, zinc, and iodine. Preparations of PM and FM provided 11% minimum recommended linoleic acid and 67% minimum recommended alpha-linolenic acid per 450 ml mixture. It took 21-25 minutes to optimally prepare 120 ml of replacement feed from PM or commercial infant formula and 30-35 minutes for the fresh milk preparation. PM or FM cost approximately 20% of monthly income averaged over the first six months of life; commercial formula cost approximately 32%.","No home-prepared replacement milks in South Africa meet all estimated micronutrient and essential fatty acid requirements of infants aged<6 months. Commercial infant formula is the only replacement milk that meets all nutritional needs. Revisions of WHO/UNAIDS/UNICEF HIV and infant feeding course replacement milk options are needed. If replacement milks are to provide total nutrition, preparations should include vegetable oils, such as soybean oil, as a source of linoleic and alpha-linolenic acids, and additional vitamins and minerals.",no
main_030,15962678,2005,Does preloading with colloids prevent hemodynamic changes when neurosurgical patients are subsequently changed to the seated position?,"This prospective, randomized, double-blind study was designed to determine and compare the usefulness of preloading colloids (Haemaccel) 10 ml/Kg before positioning whether it can prevent hemodynamic changes during seated positioning or not. The authors studied 20 patients by randomly dividing them into 2 groups. The control group was given crystalloid as maintenance and deposit replacement but the study group was given extra colloids 10 ml/Kg 30 minutes before starting general anesthesia. Both groups were monitored and given anesthesia, balanced technique. Systolic and diastolic blood pressures, heart rate, central venous pressure (CVP) at different time intervals in the sitting position for 30 minutes were recorded. Statistical analysis was done by Student t-test, Chi-square test and ANOVA (p-value<0. 05 considered significant). The results showed that systolic blood pressure at 15, 20, 30 minutes and CVP at 15, 25, 30 minutes after positioning in the study group was maintained significantly compared to the control group and there were no significant changes in diastolic blood pressure and heart rate. There were no other complications during the sitting period.",It is concluded that preloading colloid fluid prior to repositioning could prevent the decrease of systolic blood pressure and central venous pressure during sitting positioning without other complications.,yes
main_031,22186742,2012,Does a colonoscopy after acute diverticulitis affect its management?,"Medical records of 220 patients hospitalized for acute diverticulitis between June 1, 2002 and September 1, 2009 were reviewed. Acute diverticulitis was diagnosed by clinical criteria and characteristic CT findings. Fifteen patients were excluded either because of questionable CT or hematochezia. Mean age was 61.8±14.3 years (61% females). Clinical parameters, laboratory results, imaging, endoscopic and histopathological reports, and long-term patients' outcome were analyzed. One hundred patients (aged 61.8±13.3 y, 54.1% females), underwent an early (4 to 6 wk) colonoscopy after hospital discharge. There were no significant differences in patients' characteristics or survival between those with or without colonoscopy (4±1.9 vs. 4.2±2.1 y, P=0.62). No colonic malignancy was detected. However, in 32 patients (32%) at least 1 polyp was found. Only 1 was determined as an advanced adenoma. No new or different diagnosis was made after colonoscopy.","Our results suggest that colonoscopy does not affect the management of patients with acute diverticulitis nor alter the outcome. The current practice of a routine colonoscopy after acute diverticulitis, diagnosed by typical clinical symptoms and CT needs to be reevaluated.",no
main_032,28006766,2016,Is Overexpression of Ki-67 a Prognostic Biomarker of Upper Tract Urinary Carcinoma?,"Upper tract urinary carcinoma (UTUC) is a relatively uncommon but aggressive disease. The Ki-67 antigen is a classic marker of cellular proliferation, but there is still controversy regarding the significance and importance of Ki-67 in tumor progression. In this study, we first detected Ki-67 expression in UTUC patients by immunohistochemistry (IHC). Subsequently, we quantitatively combined the results with those from the published literature in a meta-analysis after searching several databases. IHC results demonstrated that patients with muscle-invasive tumors (T2-T4) had higher Ki-67 expression than those with non-muscle-invasive tumors (Tis-T1), suggesting that high Ki-67 expression may be associated with the aggressive form of UTUC. Kaplan-Meier curves showed that patients with high Ki-67 expression had significantly poorer cancer-specific survival (CSS) and disease-free survival (DFS). Furthermore, multivariate analysis suggested that Ki-67 expression was an independent prognostic factor for CSS (hazard ratio, HR=3.196) and DFS (HR=3.517) in UTUC patients. Then, a meta-analysis of the published literature investigating Ki-67 expression and its effects on UTUC prognosis was conducted. After searching the PubMed, Medline, Embase, Cochrane Library and Scopus databases, 12 articles met the eligibility criteria for this analysis. The eligible studies included a total of 1740 patients with a mean number of 82 patients per study (range, 38-475). The combined results showed that increased Ki-67 levels were associated with poor survival and disease progression, with a pooled HR estimate of 2.081 and 2.791, respectively. In subgroup analysis, the pooled HR was statistically significant for cancer-specific survival (HR=2.276), metastasis-free survival (HR=3.008) and disease-free survival (HR=6.336).","In conclusion, high Ki-67 expression was associated with poor survival in patients with UTUC, as well as a high risk of disease progression, although these findings need to be interpreted with caution. Large-scale, adequately designed, prospective trials are needed to further confirm the value of Ki-67 in prognosis of UTUC patients.",yes
main_033,26864326,2017,Predicting admission at triage: are nurses better than a simple objective score?,"In this single-centre prospective study, triage nurses estimated the probability of admission using a 100 mm visual analogue scale (VAS), and GAPS was generated automatically from triage data. We compared calibration using rank sum tests, discrimination using area under receiver operating characteristic curves (AUC) and accuracy with McNemar's test. Of 1829 attendances, 745 (40.7%) were admitted, not significantly different from GAPS' prediction of 750 (41.0%, p=0.678). In contrast, the nurses' mean VAS predicted 865 admissions (47.3%), overestimating by 6.6% (p<0.0001). GAPS discriminated between admission and discharge as well as nurses, its AUC 0.876 compared with 0.875 for VAS (p=0.93). As a binary predictor, its accuracy was 80.6%, again comparable with VAS (79.0%), p=0.18. In the minority of attendances, when nurses felt at least 95% certain of the outcome, VAS' accuracy was excellent, at 92.4%. However, in the remaining majority, GAPS significantly outperformed VAS on calibration (+1.2% vs +9.2%, p<0.0001), discrimination (AUC 0.810 vs 0.759, p=0.001) and accuracy (75.1% vs 68.9%, p=0.0009). When we used GAPS, but 'over-ruled' it when clinical certainty was ≥95%, this significantly outperformed either method, with AUC 0.891 (0.877-0.907) and accuracy 82.5% (80.7%-84.2%).","GAPS, a simple clinical score, is a better predictor of admission than triage nurses, unless the nurse is sure about the outcome, in which case their clinical judgement should be respected.",yes
main_034,24851767,2014,Undescended testes: does age at orchiopexy affect survival of the testis?,"The optimal age at which to perform orchiopexy for cryptorchidism has long been debated. The aim of this study was to determine if age at orchiopexy affected testicular atrophy. A retrospective review of patients undergoing orchiopexy from 2000 to 2010 was conducted. An individual testis, rather than patient, was used as the dependent variable. A total of 349 testicles from 1126 charts (ICD-9=752.51) were identified. Primary study outcome was testicular survival without atrophy. Mean follow up for the study was 25 months. There was postoperative atrophy in 27 testes (7.7%). Intraabdominal testicle was independently associated with increased postsurgical atrophy (p<0.0001). The odds of postsurgical atrophy were 15.66 times higher for an abdominal vs. inguinal location (95% CI: 5.5-44.6). Testicular atrophy was highest for orchiopexy at ages 13-24 months (n=16 of 133, 12%) vs. those less than 13 months (n=3 of 64, 5%), and those greater than 24 months (n=8 of 152, 5%) (p=0.0024). After adjusting for location, age was not statistically significant with postsurgical atrophy (p=0.055).",From this study we conclude that there is no increase in testicular atrophy in patients less than 13 months.,no
main_035,23252468,2013,Do episodic migraineurs selectively attend to headache-related visual stimuli?,"To assess pain-related attentional biases among individuals with episodic migraine. Prior studies have examined whether chronic pain patients selectively attend to pain-related stimuli in the environment, but these studies have produced largely mixed findings and focused primarily on patients with chronic musculoskeletal pain. Limited research has implicated attentional biases among chronic headache patients, but no studies have been conducted among episodic migraineurs, who comprise the overwhelming majority of the migraine population. This was a case-control, experimental study. Three hundred and eight participants (mean age = 19.2 years [standard deviation = 3.3]; 69.5% female; 36.4% minority), consisting of 84 episodic migraineurs, diagnosed in accordance with International Classification of Headache Disorders (2(nd) edition) criteria using a structured diagnostic interview, and 224 non-migraine controls completed a computerized dot probe task to assess attentional bias toward headache-related pictorial stimuli. The task consisted of 192 trials and utilized 2 emotional-neutral stimulus pairing conditions (headache-neutral and happy-neutral). No within-group differences for reaction time latencies to headache vs happy conditions were found among those with episodic migraine or among the non-migraine controls. Migraine status was unrelated to attentional bias indices for both headache (F [1,306] = 0.56, P = .45) and happy facial stimuli (F [1,306] = 0.37, P = .54), indicating a lack of between-group differences. Lack of within- and between-group differences was confirmed with repeated measures analysis of variance.","In light of the large sample size and prior pilot testing of presented images, results suggest that episodic migraineurs do not differentially attend to headache-related facial stimuli. Given modest evidence of attentional biases among chronic headache samples, these findings suggest potential differences in attentional processing between chronic and episodic headache subforms.",no
main_036,21481154,2012,Improvements in survival of gynaecological cancer in the Anglia region of England: are these an effect of centralisation of care and use of multidisciplinary management?,"Our hypothesis is that the adoption of Department of Health (DH) guidance has led to an improvement in outcome in gynaecological cancer survival. In 1999 the DH in England introduced the Improving Outcomes in Gynaecological Cancer guidance, advising case management by multidisciplinary teams with surgical concentration in specialist hospitals. This guidance was rapidly adopted in the East of England, with a population of 2.5 million. The population of the Anglia Cancer Network was approximately 2.3 million. From 1996 to 2003, details of 3406 cases of gynaecological cancer were identified in the Anglia region of England. Survival analysis was performed by Cox proportional hazards regression, relative to cases diagnosed in 1996. Primary endpoint was survival. The survival rates for cases diagnosed between 1996 and 1999 were broadly the same across the time period, with a marked improvement taking place in 2000, and continuing to 2003 (HR 0.71, 95% CI 0.64-0.79, comparing 2000-03 with 1996-99 diagnoses), for all gynaecological sites combined. Adjustment for treatments or method of case follow-up did not attenuate these improvements. There was a concurrent change towards major surgery being performed in specialist centres from 2000.","The adoption of the 1999 guidance on gynaecological cancer, which included multidisciplinary case management and centralisation of surgery, resulted in a marked step-change improvement in survival of gynaecological cancer in an area of eastern England in 2000.",yes
main_037,17704864,2008,Is laparoscopic adrenalectomy safe and effective for adrenal masses larger than 7 cm?,"Laparoscopic adrenalectomy (LA) has become the gold standard treatment for small (less than 6 cm) adrenal masses. However, the role of LA for large-volume (more than 6 cm) masses has not been well defined. Our aim was to evaluate, retrospectively, the outcome of LA for adrenal lesions larger than 7 cm. 18 consecutive laparoscopic adrenalectomies were performed from 1996 to 2005 on patients with adrenal lesions larger than 7 cm. The mean tumor size was 8.3 cm (range 7-13 cm), the mean operative time was 137 min, the mean blood loss was 182 mL (range 100-550 mL), the rate of intraoperative complications was 16%, and in three cases we switched from laparoscopic procedure to open surgery.","LA for adrenal masses larger than 7 cm is a safe and feasible technique, offering successful outcome in terms of intraoperative and postoperative morbidity, hospital stay and cosmesis for patients; it seems to replicate open surgical oncological principles demonstrating similar outcomes as survival rate and recurrence rate, when adrenal cortical carcinoma were treated. The main contraindication for this approach is the evidence, radiologically and intraoperatively, of local infiltration of periadrenal tissue.",yes
main_038,8847047,,Prognosis of well differentiated small hepatocellular carcinoma--is well differentiated hepatocellular carcinoma clinically early cancer?,"The purpose of this study is to examine whether or not well differentiated (w-d) hepatocellular carcinoma (HCC) is indeed clinically early cancer. Seventy six patients with solitary small HCCs up to 3 cm in diameter, who underwent hepatectomy, were observed for at least 2 years for possible recurrence. These patients were divided into two groups: 10 patients with w-d HCCs (Edmondson and Steiner's grade I) and 66 patients with less differentiated (l-d) HCCs (Edmondson and Steiner's grade I-II, II-III, and III). The histological analysis revealed that w-d HCCs had lower incidences of fibrous capsule formation (P<0.01), when compared to l-d HCCs. There were no significant differences in the incidence of intrahepatic metastasis, or portal vein invasion. In a resected specimen of w-d HCC, barium sulfate and gelatin were injected into portal vein and a transparent specimen was made. The transparent specimen showed that the portal vein in the tumor seemed to be intact. Microscopically, cancer cell infiltration into the fibrous frame of the portal tract was present. There were no significant differences in the disease free survival between the two groups. An analysis of tumor volume doubling time in recurrent foci suggested that minute cancerous foci had been present at the time of operation.","W-d HCCs were clinically demonstrated not to be early cancer, because there was no significant difference in disease free survival between the patients with w-d and l-d HCCs.",no
main_039,8017535,1994,Substance use and HIV-related sexual behaviors among US high school students: are they related?,"This study was undertaken to examine whether use of alcohol, cigarettes, marijuana, cocaine, and other illicit drugs is related to the likelihood of sexual behaviors that increase risk for human immunodeficiency virus (HIV) infection among youth. The 1990 national Youth Risk Behavior Survey was used to collect self-reported information about a broad range of health risk behaviors from a representative sample of 11,631 high school students in the United States. Students who reported no substance use were least likely to report having had sexual intercourse, having had four or more sex partners, and not having used a condom at last sexual intercourse. Adjusted for age, sex, and race/ethnicity, odds ratios for each of these sexual risk behaviors were greatest among students who had used marijuana, cocaine, or other illicit drugs. Students who had used only alcohol or cigarettes had smaller but still significant increases in the likelihood of having had sexual intercourse and of having had four or more sex partners.",HIV prevention programs for youth should recognize that substance use may be an important indicator of risk for HIV infection and acquired immunodeficiency syndrome through its association with unsafe sexual behaviors.,yes
main_040,20538207,2010,Should temperature be monitorized during kidney allograft preservation?,"It is generally considered that kidney grafts should be preserved at 4 degrees C during cold storage. However, actual temperature conditions are not known. We decided to study the temperature levels during preservation with the Biotainer storage can and Vitalpack transport pack. Temperature was monitored using the Thermobouton probe during preservation of pig kidneys, in the same conditions used with human grafts. The probe recorded the temperature level every 10 minutes during four days. We compared the results found with the new storage can with results obtained in the same conditions with the storage can formerly used by our team. We also studied the best position of the probe for temperature monitoring and the influence of the amount of ice within the transport pack on the temperature level. We then monitored the temperature during the conservation of actual human kidney grafts harvested at our institution from August 2007 to May 2008. The temperature levels were the same regardless of the position of the probe within the transport pack. The lowest temperature was maintained during 15 hours, and the temperature level stayed below 5 degrees C for 57 hours with the new storage can. The former storage can maintained the lowest temperature level for 80 minutes, and temperature reached 5 degrees C after 10 hours 40 minutes. Temperature levels were similar when 2 or 4 kg of crushed ice were used. We observed similar results when monitoring the conservation of human grafts.","The new storage can affords more stable temperature levels when compared to the formerly used can. Since temperature is stable during conservation, continuous monitoring in everyday practice does not seem warranted.",no
main_041,25819796,2015,Literacy after cerebral hemispherectomy: Can the isolated right hemisphere read?,"Cerebral hemispherectomy, a surgical procedure undergone to control intractable seizures, is becoming a standard procedure with more cases identified and treated early in life [33]. While the effect of the dominant hemisphere resection on spoken language has been extensively researched, little is known about reading abilities in individuals after left-sided resection. Left-lateralized phonological abilities are the key components of reading, i.e., grapheme-phoneme conversion skills [1]. These skills are critical for the acquisition of word-specific orthographic knowledge and have been shown to predict reading levels in average readers as well as in readers with mild cognitive disability [26]. Furthermore, impaired phonological processing has been implicated as the cognitive basis in struggling readers. Here, we explored the reading skills in participants who have undergone left cerebral hemispherectomy. Seven individuals who have undergone left cerebral hemispherectomy to control intractable seizures associated with perinatal infarct have been recruited for this study. We examined if components of phonological processing that are shown to reliably separate average readers from struggling readers, i.e., phonological awareness, verbal memory, speed of retrieval, and size of vocabulary, show the same relationship to reading levels when they are mediated by the right hemisphere [2]. We found that about 60% of our group developed both word reading and paragraph reading in the average range. Phonological processing measured by both phonological awareness and nonword reading was unexpectedly spared in the majority of participants. Phonological awareness levels strongly correlated with word reading. Verbal memory, a component of phonological processing skills, together with receptive vocabulary size, positively correlated with reading levels similar to those reported in average readers. Receptive vocabulary, a bilateral function, was preserved to a certain degree similar to that of strongly left-lateralized phonological skills [3]. Later seizure onset was associated with better reading levels.","When cerebral hemispherectomy is performed to control seizures associated with very early (in utero) insult, it has been found that the remaining right hemisphere is still able to support reading and phonological processing skills that are normally mediated by the left hemisphere. Our results also suggest the existence of variability in individuals after hemispherectomy, even within groups having the same etiology and similar timing of insult.",yes
main_042,24270957,2013,Is combined therapy more effective than growth hormone or hyperbaric oxygen alone in the healing of left ischemic and non-ischemic colonic anastomoses?,"Our aim was to investigate the effects of growth hormone (GH), hyperbaric oxygen and combined therapy on normal and ischemic colonic anastomoses in rats. Eighty male Wistar rats were divided into eight groups (n = 10). In the first four groups, non-ischemic colonic anastomosis was performed, whereas in the remaining four groups, ischemic colonic anastomosis was performed. In groups 5, 6, 7, and 8, colonic ischemia was established by ligating 2 cm of the mesocolon on either side of the anastomosis. The control groups (1 and 5) received no treatment. Hyperbaric oxygen therapy was initiated immediately after surgery and continued for 4 days in groups 3 and 4. Groups 2 and 6 received recombinant human growth hormone, whereas groups 4 and 8 received GH and hyperbaric oxygen treatment. Relaparotomy was performed on postoperative day 4, and a perianastomotic colon segment 2 cm in length was excised for the detection of biochemical and mechanical parameters of anastomotic healing and histopathological evaluation. Combined treatment with hyperbaric oxygen and GH increased the mean bursting pressure values in all of the groups, and a statistically significant increase was noted in the ischemic groups compared to the controls (p<0.05). This improvement was more evident in the ischemic and normal groups treated with combined therapy. In addition, a histopathological evaluation of anastomotic neovascularization and collagen deposition showed significant differences among the groups.",Combined treatment with recombinant human growth hormone and hyperbaric oxygen resulted in a favorable therapeutic effect on the healing of ischemic colonic anastomoses.,yes
main_043,9278754,1997,Are head and neck specific quality of life measures necessary?,"The purpose of this study was to determine whether head and neck-specific health status domains are distinct from those assessed by general measures of quality-of-life (QOL). Cross-sectional study of 55 head and neck cancer patients in tertiary academic center was made. Three head and neck-specific measures,-including the Head&Neck Survey (H&NS); a brief, multi-item test which generates domain scores; and a general health measure,-were administered. The H&NS was highly reliable and more strongly correlated to the specific measures than to the general measure. Eating/swallowing (ES) and speech/communication (SC) were not well correlated with general health domains. Head and neck pain was highly correlated to general bodily pain (0.88, p<.0001). Despite correlations to some general health domains, appearance (AP) was not fully reflected by any other domain.","Head and neck-specific QOL measures are necessary and should include domains that reflect ES, SC, and AP.",yes
main_044,16195477,2005,Production of chemokines by perivascular adipose tissue: a role in the pathogenesis of atherosclerosis?,"Obesity is associated with an increased risk for cardiovascular disease. Although it is known that white adipose tissue (WAT) produces numerous proinflammatory and proatherogenic cytokines and chemokines, it is unclear whether adipose-derived chemotactic signals affect the chronic inflammation in atherosclerosis. Histological examination showed that perivascular WAT (pWAT) is in close proximity to vascular walls, particularly at sites that have a tendency to develop atherosclerosis. In rodents, the amount of pWAT is markedly increased by a high-fat diet. At a functional level, supernatant from subcutaneous and pWAT strongly induced the chemotaxis of peripheral blood leukocytes. The migration of granulocytes and monocytes was mostly mediated by interleukin-8 and monocyte chemoattractant protein-1, respectively, whereas both chemokines contributed to the migration of activated T cells. Moreover, pWAT produces these chemokines, as shown by immunohistochemistry and by explant culture. The accumulation of macrophages and T cells at the interface between pWAT and the adventitia of human atherosclerotic aortas may reflect this prochemotactic activity of pWAT.","Human pWAT has chemotactic properties through the secretion of different chemokines, and we propose that pWAT might contribute to the progression of obesity-associated atherosclerosis.",yes
main_045,23677366,2013,Do oblique views add value in the diagnosis of spondylolysis in adolescents?,"Anteroposterior, lateral, and right and left oblique lumbar spine radiographs are often a standard part of the evaluation of children who are clinically suspected of having spondylolysis. Recent concerns regarding radiation exposure and costs have brought the value of oblique radiographs into question. The purpose of the present study was to determine the diagnostic value of oblique views in the diagnosis of spondylolysis. Radiographs of fifty adolescents with L5 spondylolysis without spondylolisthesis and fifty controls were retrospectively reviewed. All controls were confirmed not to have spondylolysis on the basis of computed tomographic scanning, magnetic resonance imaging, or bone scanning. Anteroposterior, lateral, and right and left oblique radiographs of the lumbar spine were arranged into two sets of slides: one showing four views (anteroposterior, lateral, right oblique, and left oblique) and one showing two views (anteroposterior and lateral only). The slides were randomly presented to four pediatric spine surgeons for diagnosis, with four-view slides being presented first, followed by two-view slides. The slides for twenty random patients were later reanalyzed in order to calculate of intra-rater agreement. A power analysis demonstrated that this study was adequately powered. Inter-rater and intra-rater agreement were assessed on the basis of the percentage of overall agreement and intraclass correlation coefficients (ICCs). PCXMC software was used to generate effective radiation doses. Study charges were determined from radiology billing data. There was no significant difference in sensitivity and specificity between four-view and two-view radiographs in the diagnosis of spondylolysis. The sensitivity was 0.59 for two-view studies and 0.53 for four-view studies (p = 0.33). The specificity was 0.96 for two-view studies and 0.94 for four-view studies (p = 0.60). Inter-rater agreement, intra-rater agreement, and agreement with gold-standard ICC values were in the moderate range and also demonstrated no significant differences. Percent overall agreement was 78% for four-view studies and 82% for two-view studies. The radiation effective dose was 1.26 mSv for four-view studies and 0.72 mSv for two-view studies (difference, 0.54 mSv). The charge for four-view studies was $145 more than that for two-view studies.","There is no difference in sensitivity and specificity between four-view and two-view studies. Although oblique views have long been considered standard practice by some, our data could not identify a diagnostic benefit that might outweigh the additional cost and radiation exposure.",no
main_046,25725704,2015,Can clinical supervision sustain our workforce in the current healthcare landscape?,"Clinical supervision is widely recognised as a mechanism for providing professional support, professional development and clinical governance for healthcare workers. There have been limited studies about the effectiveness of clinical supervision for allied health and minimal studies conducted within the Australian health context. The aim of the present study was to identify whether clinical supervision was perceived to be effective by allied health professionals and to identify components that contributed to effectiveness. Participants completed an anonymous online questionnaire, administered through the health service's intranet. A cross-sectional study was conducted with community allied health workers (n = 82) 8 months after implementation of structured clinical supervision. Demographic data (age, gender), work-related history (profession employment level, years of experience), and supervision practice (number and length of supervision sessions) were collected through an online survey. The outcome measure, clinical supervision effectiveness, was operationalised using the Manchester Clinical Supervision Scale-26 (MCSS-26). Data were analysed with Pearson correlation (r) and independent sample t-tests (t) with significance set at 0.05 (ie the probability of significant difference set at P<0.05). The length of the supervision sessions (r(s) ≥ 0.44), the number of sessions (r(s) ≥ 0.35) and the total period supervision had been received (r(s) ≥ 0.42) were all significantly positively correlated with the MCSS-26 domains of clinical supervision effectiveness. Three individual variables, namely 'receiving clinical supervision', 'having some choice in the allocation of clinical supervisor' and 'having a completed clinical supervision agreement', were also significantly associated with higher total MCSS-26 scores (P(s)<0.014).","The results of the study demonstrate that when clinical supervision uses best practice principles, it can provide professional support for allied health workers, even during times of rapid organisational change.",yes
main_047,19913785,2010,Is it necessary to insert a nasobiliary drainage tube routinely after endoscopic clearance of the common bile duct in patients with choledocholithiasis-induced cholangitis?,"Little is known about whether a routinely inserted endoscopic nasobiliary drainage (ENBD) tube improves the clinical course in patients with choledocholithiasis-induced acute cholangitis after clearance of choledocholithiasis. The aim of this study was to investigate the need for ENBD on the clinical outcomes of patients with acute cholangitis undergoing endoscopic clearance of common bile duct (CBD) stones. Prospective, randomized study. Tertiary referral center. A total of 104 patients with choledocholithiasis-induced acute cholangitis who underwent primary endoscopic treatment were compared according to insertion of an ENBD tube (51 in the ENBD group and 53 in the no-ENBD group). Insertion of an ENBD tube after clearance of CBD stones. Recurrence of cholangitis and length of hospital stay after clearance of CBD stones. Baseline clinical characteristics were similar between both groups. There were no significant differences in the recurrence rate of cholangitis at 24 weeks (3.9% for the ENBD group vs 3.8% for the no-ENBD group at 24 weeks; P = .99) and length of hospital stay (7.9 days [standard error = 1.2] for the ENBD group vs 7.9 days [standard error = 0.7]for the no-ENBD group; P = .98). However, procedure time was longer (26.2 [SE = 1.8] minutes vs 22.7 [SE = 1.0]minutes, respectively; P = .01) and the discomfort score was higher (4.9 [SE = 0.4] vs 2.8 [SE = 0.3], respectively; P = .02) in the ENBD group than in the no-ENBD group. Single-center study.","A routinely inserted ENBD tube did not improve the clinical course, despite patients having to endure increased procedure time and discomfort, and the insertion would therefore be unnecessary.",no
main_048,25592625,2015,Is cardiovascular evaluation necessary prior to and during beta-blocker therapy for infantile hemangiomas?,"Although consensus guidelines for pretreatment evaluation and monitoring of propranolol therapy in patients with infantile hemangiomas (IH) have been formulated, little is known about the cardiovascular side effects. We sought to analyze cardiovascular evaluations in patients with IH at baseline and during treatment with an oral beta-blocker. Data from 109 patients with IH were retrospectively analyzed. Patient and family history, pretreatment electrocardiogram (ECG), heart rate, and blood pressure were evaluated before initiation of beta-blocker therapy. Blood pressure and standardized questionnaires addressing side effects were evaluated during treatment. Questionnaire analyses (n = 83) identified 3 cases with a family history of cardiovascular disease in first-degree relatives. ECG findings were normal in each case and no serious complication of therapy occurred. ECG abnormalities were found in 6.5% of patients but there were no contraindications to beta-blocker therapy and no major complications. Hypotension in 9 patients did not require therapy adjustment. In all, 88 parents (81%) reported side effects during beta-blocker treatment. The relatively small patient cohort is a limitation.",Pretreatment ECG is of limited value for patients with an unremarkable cardiovascular history and a normal heart rate and blood pressure. Hypotension may occur during treatment.,no
main_049,19643525,2009,Can vaginal pH be measured from the wet mount slide?,"To assess the accuracy of vaginal pH measurement on wet mount microscopy slides compared with direct measurements on fresh vaginal fluid. We also tested whether differences in accuracy were dependent on the sampling devices used or on the diagnosis of the vaginal infections. Using a cotton swab, cytobrush or wooden spatula a vaginal fluid specimen was collected from 84 consecutive women attending a vulvo-vaginitis clinic. A pH strip (pH range 4-7, Merck) was brought in contact with the vaginal fluid on the sampling device and on the glass slide after adding one droplet of saline and performing microscopy by two different people unaware of the microscopy results of the clinical exam. Values were compared by Fisher exact and Student's t-tests. pH measurement from microscopy slides after the addition of saline causes systematic increases of pH leading to false positive readings. This is true for all types of disturbance of the flora and infections studied, and was seen in the abnormal as well as in the normal or intermediate pH range.",Vaginal pH should be measured by bringing the pH strip in direct contact with fresh vaginal fluid without first adding saline.,no
main_050,24507422,2014,Can shape analysis differentiate free-floating internal carotid artery thrombus from atherosclerotic plaque in patients evaluated with CTA for stroke or transient ischemic attack?,"Patients presenting with transient ischemic attack or stroke may have symptom-related lesions on acute computed tomography angiography (CTA) such as free-floating intraluminal thrombus (FFT). It is difficult to distinguish FFT from carotid plaque, but the distinction is critical as management differs. By contouring the shape of these vascular lesions (""virtual endarterectomy""), advanced morphometric analysis can be performed. The objective of our study is to determine whether quantitative shape analysis can accurately differentiate FFT from atherosclerotic plaque. We collected 23 consecutive cases of suspected carotid FFT seen on CTA (13 men, 65 ± 10 years; 10 women, 65.5 ± 8.8 years). True-positive FFT cases (FFT+) were defined as filling defects resolving with anticoagulant therapy versus false-positives (FFT-), which remained unchanged. Lesion volumes were extracted from CTA images and quantitative shape descriptors were computed. The five most discriminative features were used to construct receiver operator characteristic (ROC) curves and to generate three machine-learning classifiers. Average classification accuracy was determined by cross-validation. Follow-up imaging confirmed sixteen FFT+ and seven FFT- cases. Five shape descriptors delineated FFT+ from FFT- cases. The logistic regression model produced from combining all five shape features demonstrated a sensitivity of 87.5% and a specificity of 71.4% with an area under the ROC curve = 0.85 ± 0.09. Average accuracy for each classifier ranged from 65.2%-76.4%.","We identified five quantitative shape descriptors of carotid FFT. This shape ""signature"" shows potential for supplementing conventional lesion characterization in cases of suspected FFT.",yes
main_051,21084567,2011,Are stroke patients' reports of home blood pressure readings reliable?,"Home blood pressure (BP) monitoring is gaining increasing popularity among patients and may be useful in hypertension management. Little is known about the reliability of stroke patients' records of home BP monitoring. To assess the reliability of home BP recording in hypertensive patients who had suffered a recent stroke or transient ischaemic attack. Thirty-nine stroke patients (mean age 73 years) randomized to the intervention arm of a trial of home BP monitoring were included. Following instruction by a research nurse, patients recorded their BPs at home and documented them in a booklet over the next year. The booklet readings over a month were compared with the actual readings downloaded from the BP monitor and were checked for errors or selective bias in recording. A total of 1027 monitor and 716 booklet readings were recorded. Ninety per cent of booklet recordings were exactly the same as the BP monitor readings. Average booklet readings were 0.6 mmHg systolic [95% confidence interval (95% CI) -0.6 to 1.8] and 0.3 mmHg diastolic (95% CI -0.3 to 0.8) lower than those on the monitor.","This group of elderly stroke patients were able to record their BPs reliably at home. Any bias was small and would be unlikely to affect management. Since BP readings in a GP surgery are often a poor indication of true BP, GPs might consider using hypertensive patients' records of home BP monitoring to help guide treatment decisions.",yes
main_052,25336163,2015,Are interstitial fluid concentrations of meropenem equivalent to plasma concentrations in critically ill patients receiving continuous renal replacement therapy?,"To describe the interstitial fluid (ISF) and plasma pharmacokinetics of meropenem in patients on continuous venovenous haemodiafiltration (CVVHDF). This was a prospective observational pharmacokinetic study. Meropenem (500 mg) was administered every 8 h. CVVHDF was targeted as a 2-3 L/h exchange using a polyacrylonitrile filter with a surface area of 1.05 m2 and a blood flow rate of 200 mL/min. Serial blood (pre- and post-filter), filtrate/dialysate and ISF concentrations were measured on 2 days of treatment (Profiles A and B). Subcutaneous tissue ISF concentrations were determined using microdialysis. A total of 384 samples were collected. During Profile A, the comparative median (IQR) ISF and plasma peak concentrations were 13.6 (12.0-16.8) and 40.7 (36.6-45.6) mg/L and the trough concentrations were 2.6 (2.4-3.4) and 4.9 (3.5-5.0) mg/L, respectively. During Profile B, the ISF trough concentrations increased by ∼40%. Meropenem ISF penetration was estimated at 63% (60%-69%) and 69% (65%-74%) for Profiles A and B, respectively, using comparative plasma and ISF AUCs. For Profile A, the plasma elimination t1/2 was 3.7 (3.3-4.0) h, the volume of distribution was 0.35 (0.25-0.46) L/kg, the total clearance was 4.1 (4.1-4.8) L/h and the CVVHDF clearance was 2.9 (2.7-3.1) L/h.","This is the first known report of concurrent plasma and ISF concentrations of a meropenem antibiotic during CVVHDF. We observed that the ISF concentrations of meropenem were significantly lower than the plasma concentrations, although the present dose was appropriate for infections caused by intermediately susceptible pathogens (MIC≤4 mg/L).",no
main_053,18319270,2008,Does confined placental mosaicism account for adverse perinatal outcomes in IVF pregnancies?,"IVF singletons have poorer perinatal outcomes than singletons from spontaneous conceptions. This may be due to the influence of ovarian stimulation on the chromosomal constitution of the embryos which could be translated into localized chromosomal anomalies in the placenta. The aim of this study was to compare the incidence of confined placental mosaicism (CPM) in IVF/ICSI pregnancies and spontaneous conceptions. We conducted a multi-centre retrospective analysis of karyotype results obtained by chorionic villus sampling (CVS), performed due to advanced maternal age (>or=36 years at 18 weeks of gestation), in the Netherlands between 1995 and 2005. From a total of 322 246 pregnancies, 20 885 CVS results were analysed: 235 in the IVF/ICSI group and 20 650 in the control group. The mean age of women in both groups was 38.4 years (mean difference -0.08, 95% CI -0.35 to 0.18). Data relating to the fetal karyotype were missing in 143 cases in the control group. When taking into account missing data, the incidence of CPM was lower in the IVF-ICSI group than in the control group, 1.3% versus 2.2% (odds ratio 0.59, 95% CI 0.19-1.85), whereas the incidence of fetal chromosomal anomalies was increased 4.3% versus 2.4% (odds ratio 1.81, 95% CI 0.95-3.42). Neither differences were statistically significant.",The incidence of CPM is not increased in IVF/ICSI pregnancies compared with spontaneous conceptions. CPM probably does not account for the adverse perinatal outcomes following IVF/ICSI.,no
main_054,11481599,2001,Acute respiratory distress syndrome in children with malignancy--can we predict outcome?,"The purpose of this study was to delineate early respiratory predictors of mortality in children with hemato-oncology malignancy who developed acute respiratory distress syndrome (ARDS). We conducted a retrospective chart review of children with malignant and ARDS who needed mechanical ventilation and were admitted to a pediatric intensive care unit from January 1987 to January 1997. Seventeen children with ARDS and malignancy aged 10.5 +/- 5.1 years were identified. Six of the 17 children (35.3%) survived. Sepsis syndrome was present in 70.6% of all the children. Peak inspiratory pressure, positive end-expiratory pressure (PEEP), and ventilation index values could distinguish outcome by day 3. A significant relationship between respiratory data and outcome related to efficiency of oxygenation, as determined by PaO(2)/FIO(2) and P(A-a)O(2), was present from day 8 after onset of mechanical ventilation.","Peak inspiratory pressure, PEEP, and ventilation index values could distinguish survivors from nonsurvivors by day 3. This may assist in early application of supportive nonconventional therapies in children with malignancy and ARDS.",yes
main_055,24809662,2014,Does concomitant anterior/apical repair during midurethral sling improve the overactive bladder component of mixed incontinence?,"Midurethral sling (MUS) can improve overactive bladder (OAB) symptoms. It is unclear if anterior/apical prolapse (AA) repair provides additional benefit. We hypothesized that women with mixed urinary incontinence (MUI) experience greater improvement in the OAB component of their symptoms after concomitant MUS and AA repair compared with MUS alone. This is a retrospective cohort study of women with bothersome MUI (defined by objective stress test and validated questionnaire) undergoing MUS alone (""MUS-only"") or concomitant MUS and AA repair (""MUS + AA""). Our primary outcome was the Overactive Bladder Questionnaire Symptom Severity (OAB-q SS) change score 6 weeks after surgery. Of 151 women, 67 (44 %) underwent MUS-only and 84 (56 %) underwent MUS + AA. The MUS-only cohort was younger and had less severe baseline prolapse (p < 0.05 for both). Postoperative complications (predominantly UTI) occurred in 35 (23 %) patients and were similar between cohorts. For all subjects mean OAB-q SS scores significantly improved postoperatively (p < 0.05). Our primary outcome, OAB-q SS change score, showed no significant differences between cohorts (30 ± 26 MUS-only vs 25 ± 25 MUS + AA, p = 0.20), indicating similar improvements in OAB symptoms. Multivariate linear regression analysis revealed no difference in OAB-q SS change score between cohorts; however, OAB-q SS change scores were lower for women with a postoperative complication (β = -19, 95 % CI -31 to -6; p < 0.01).","In women with bothersome MUI, concomitant AA repair does not result in additional improvement in OAB symptoms over MUS alone. Patients with postoperative complications exhibit less improvement in OAB symptoms.",no
main_056,22813804,2012,Does obesity impact the pattern and outcome of trauma in children?,"Childhood obesity is pandemic condition. The effect of obesity on trauma outcomes in children has been relatively understudied. We conducted this study to ascertain the effects of obesity on the hospital outcome of injured children. A retrospective cohort study of patients aged 2 to 18 years admitted to the King Abdul Aziz Medical City between May 2001 and May 2009 was conducted. Patients were categorized as lean (body mass index<95th percentile) and obese (body mass index ≥ 95th percentile). Groups were compared regarding admission demographics, mechanism of injury, pattern of injury, length of stay, intensive care unit admission, ventilation duration, types of procedures performed, injury severity score, and mortality. Nine hundred thirty-three patients were included, of those 55 (5.89%) children were obese. The obese children were older than nonobese (P = .001) and had a higher injury severity score (P = .001) and a lower pediatric trauma score (P = .00), heart rate (P = .0081), and respiratory rate (P = .000). There were no differences between groups with regard to sex, mechanism of injury, and surgical procedures. Obese children were more likely to have rib fractures (P = .02) and pelvic injuries (P = .033). There was no significant association between mortality and obesity (P = .42).","Obesity does not seem to impact the severity of injury, mortality rate, types of injury, and procedure outcomes in children. Obese patients are more likely to have rib and pelvic injuries.",no
main_057,23422012,2013,Is vancomycin MIC creep a worldwide phenomenon?,"Vancomycin is the primary treatment for infections caused by methicilin-resistant Staphylococcus aureus (MRSA). The association of vancomycin treatment failures with increased vancomycin minimum inhibitory concentration (MIC) is a well-recognized problem. A number of single-centre studies have identified progressive increases in glycopeptide MICs for S. aureus strains over recent years - a phenomenon known as vancomycin MIC creep. It is unknown if this is a worldwide phenomenon or if it is localized to specific centers. The aim of this study was to evaluate the trend of vancomycin MIC for isolates of MRSA over a 3-year period in a tertiary university hospital in Portugal. MRSA isolates from samples of patients admitted from January 2007 to December 2009 were assessed. Etest method was used to determine the respective vancomycin MIC. Only one isolate per patient was included in the final analysis. A total of 93 MRSA isolates were studied. The vancomycin MICs were 0.75, 1, 1.5 and 2 mg/L for 1 (1.1%), 19 (20.4%), 38 (40.9%), 35 (37.6%) isolates, respectively. During the 3 year period, we observed a significant fluctuation in the rate of MRSA with a vancomycin MIC > 1 mg/L (2007: 86.2%; 2008: 93.3%; 2009: 58.8%, p = 0.002). No MRSA isolate presented a MIC > 2 mg/L.",We were unable to find in our institution data compatible to the presence of vancomycin MIC creep during the study period. This phenomenon seems not to be generalized; as a result each institution should systematically monitor MRSA vancomycin MIC over time.,no
main_058,11888773,2002,Stage I non-small cell lung carcinoma: really an early stage?,"We review our results on surgical treatment of patients with stage I non-small cell lung carcinoma and we attempted to clarify the prognostic significance of some surgical--pathologic variables. From 1993 to 1999, 667 patients received curative lung resection and complete hilar and mediastinal lymphadenectomy for non-small cell lung cancer. Of these, there were 436 Stage I disease (65%), of whom 144 T1N0 and 292 T2N0. No patients had pre- or postoperative radio- or chemotherapy. Prognostic significance of the following independent variables was tested using univariate (log-rank) and multivariate (Cox proportional-hazards) analysis: type of resection (sublobar vs lobectomy vs pneumonectomy), histology (squamous cell vs adenocarcinoma), tumour size (<or=3cm vs>3cm), histologic vascular invasion, visceral pleura involvement, positive bronchial resection margin, general T status. Overall 5-year survival was 63%. In both univariate and multivariate survival analysis, significant prognostic factors were histology (adenocarcinoma 65% vs squamous cell carcinoma 51%), tumour size (<or=3cm 67% vs>3cm 46%), and the presence of negative resection margin. Five-year survival by general T status was 66% in T1N0 vs 55% in T2N0 disease (P=0.19).","Despite advances in early diagnosis and surgical technique, 5-year survival of stage I non-small cell lung carcinoma remains low as compared to survival of other solid organ neoplasm. Tumour size<or=3cm, adenocarcinoma histologic type and negative bronchial resection margins were associated with a more favourable outcome in our patient population. More effective multimodality treatments are needed to increase survival rates.",no
main_059,26304701,2016,Can nurse-led preoperative education reduce anxiety and postoperative complications of patients undergoing cardiac surgery?,"The effect of preoperative education on anxiety and postoperative outcomes of cardiac surgery patients remains unclear.AIM: The aim of the study was to estimate the effectiveness of a nurse-led preoperative education on anxiety and postoperative outcomes. A randomised controlled study was designed. All the patients who were admitted for elective cardiac surgery in a general hospital in Athens with knowledge of the Greek language were eligible to take part in the study. Patients in the intervention group received preoperative education by specially trained nurses. The control group received the standard information by the ward personnel. Measurements of anxiety were conducted on admission-A, before surgery-B and before discharge-C by the state-trait anxiety inventory. The sample consisted of 395 patients (intervention group: 205, control group: 190). The state anxiety on the day before surgery decreased only in the intervention group (34.0 (8.4) versus 36.9 (10.7); P=0.001). The mean decrease in state score during the follow-up period was greater in the intervention group (P=0.001). No significant difference was found in the length of stay or readmission. Lower proportions of chest infection were found in the intervention group (10 (5.3) versus 1 (0.5); P=0.004). Multivariate linear regression revealed that education and score in trait anxiety scale on admission are independent predictors of a reduction in state anxiety.","Preoperative education delivered by nurses reduced anxiety and postoperative complications of patients undergoing cardiac surgery, but it was not effective in reducing readmissions or length of stay.",yes
main_060,16100194,2005,Are physicians aware of the side effects of angiotensin-converting enzyme inhibitors?,"Angiotensin-converting enzyme inhibitors (ACE-I) are considered safe, but they are associated with characteristic side effects, namely cough and angioedema, usually requiring discontinuation. We perceived that referrals for these side effects have become more and more frequent; therefore, we evaluated the degree of knowledge on the safety of ACE-I in different medical categories. A questionnaire (13 questions) on side effects of ACE-I was posted to physicians. Everyday clinical practice. Cardiologists, allergists, and general practitioners (GPs) from the National Healthcare System. Three hundred twelve physicians were contacted, and 154 returned questionnaires that could be analyzed. Of the 154 physicians (mean age, 45 years) 48 were cardiologists, 52 were GPs, and 54 were allergists. The percentage of correct answers was low: 31.9% for cardiologists, 40% for GPs, and 33% for allergists. Thus, GPs provided a significantly higher percentage of correct answers with respect to the remaining categories (p = 0.05). The lower rate of correct answers (0 to 15.9%) concerned the time of onset of cough and the action to take. Cardiologists seemed to be less aware of the fact that angiotensin receptor blockers (sartans) can cross-react with ACE-I.","Overall, there was a poor knowledge of the side effects of ACE-I. This may account for the increased referrals for chronic cough and angioedema.",no
main_061,17403428,2007,Recurrent spontaneous abortion and skewed X-inactivation: is there an association?,"The purpose of this study was to determine whether there is an association between skewed X-inactivation and recurrent spontaneous abortion in a large, well-defined sample of women with recurrent loss. X-chromosome inactivation patterns were compared in 5 groups of women. Group 1 (recurrent spontaneous abortion) consisted of 357 women with 2 or more spontaneous losses. In group 2 (infertility), there were 349 subjects from infertility practices recruited at the time of a positive serum beta-human chorionic gonadotropin. Group 3 (spontaneous abortion) women (n = 81) were recruited at the time of an ultrasound diagnosis of an embryonic demise or an anembryonic gestation. Groups 4 (primiparous) and 5 (multiparous) were healthy pregnant subjects previously enrolled in another study to determine the incidence and cause of pregnancy complications, such as preeclampsia and intrauterine growth restriction. The Primiparous group included 114 women in their first pregnancy, whereas the Multiparous group consisted of 79 women with 2 or more pregnancies but without pregnancy loss. The rate of extreme skewing (90% or greater) in the recurrent spontaneous abortion population was 8.6%, and not statistically different from any of the other groups, except the Primiparous group (1.0%, P<.01). The incidence of X-inactivation skewing of 90% or greater was no different whether there had been at least 1 live birth (9.9%), or no previous live births and at least 3 losses (5.6%, P>.05). When age and skewing of 90% or greater are compared, subjects with extreme skewing have a mean age of 2 years older than those without extreme skewing (P<.05).",Skewed X-inactivation is not associated with recurrent spontaneous abortion but is associated with increasing maternal age.,no
main_062,8985020,1996,Does induction chemotherapy have a role in the management of nasopharyngeal carcinoma?,"To assess the outcomes of patients with nasopharyngeal carcinoma (NPC) whose treatment was determined by computerized tomography (CT) and/or magnetic resonance imaging staging and to analyze the impact of induction chemotherapy and accelerated fractionated radiotherapy. The analysis is based on 122 of 143 previously untreated patients with NPC treated with radiation therapy at The University of Texas M. D. Anderson Cancer Center between 1983 and 1992. Excluded were 4 patients treated with palliative intent, 4 children, 12 patients not staged with CT, and 1 patient who died of a cerebrovascular accident prior to completion of treatment. The stage distribution was as follows: AJCC Stage I-2, Stage II-7, Stage III-12, Stage IV-101; Tl-15, T2-33, T3-22, T4-52; N0-32, N1-10, N2-47, N3-32, Nx-1. Fifty-nine (48%) patients had squamous cell carcinoma; 63 (52%) had lymphoepitheliomas, undifferentiated NPC or poorly differentiated carcinoma, NOS (UNPC). Sixty-seven patients (65 with Stage IV disease) received induction chemotherapy. Fifty-eight patients (24 of whom had induction chemotherapy) were treated with the concomitant boost fractionation schedule. The median follow-up for surviving patients was 57 months. The overall actuarial 2- and 5-year survival rates were 78 and 68%, respectively. Forty-nine patients (40%) had disease recurrence. Thirty-three (27%) had local regional failures; 19 at the primary site only, 8 in the neck and 6 in both. Local failure occurred in 31% of patients staged T4 compared to 13% of T1-T3 (p = 0.007). Sixteen patients failed at distant sites alone. Among Stage IV patients the 5-year actuarial rates for patients who did and did not receive induction chemotherapy were as follows: overall survival: 68 vs. 56% (p = 0.02), freedom from relapse: 64 vs. 37% (p = 0.01), and local control: 86 vs. 56% (p = 0.009). The actuarial 5-year distant failure rate in patients with UNPC who were treated with induction chemotherapy and controlled in the primary and neck was 13%. In patients who did not receive chemotherapy, the actuarial 5-year local control rates for patients treated with concomitant boost or conventional fractionation were 66 and 67%, respectively.","While not providing conclusive evidence, this single institution experience suggests that neoadjuvant chemotherapy for Stage IV NPC patients improves both survival and disease control. Recurrence within the irradiated volume was the most prevalent mode of failure and future studies will evaluate regimens to enhance local regional control.",yes
main_063,23899611,2013,Attenuation of ischemia/reperfusion-induced ovarian damage in rats: does edaravone offer protection?,"Twenty-eight female Sprague Dawley rats were allocated randomly to 4 groups. The sham group (group 1) was only subjected to catheter insertion, not to pneumoperitoneum. Group 2 received a 1 mg/kg dose of 0.9% sodium chloride by the intraperitoneal route for 10 min before pneumoperitoneum. Groups 3 and 4 received 6 and 12 mg/kg edaravone, respectively, by the intraperitoneal route for 10 min before pneumoperitoneum. After 60 min of pneumoperitoneum, the gas was deflated. Immediately after the reperfusion period, both ovaries were excised for histological scoring, caspase-3 immunohistochemistry and biochemical evaluation including glutathione (GSH) and malondialdehyde (MDA) levels. Also, total antioxidant capacity (TAC) was measured in plasma samples to evaluate the antioxidant effect of edaravone. Ovarian sections in the saline group revealed higher scores for follicular degeneration and edema (p<0.0001) when compared with the sham group. Administration of different doses of edaravone in rats significantly prevented degenerative changes in the ovary (p<0.0001). Caspase-3 expression was only detected in the ovarian surface epithelium in all groups, and there was a significant difference between the treatment groups and the saline group (p<0.0001). Treatment of rats with edaravone reduced caspase-3 expression in a dose-dependent manner. Moreover, biochemical measurements of oxidative stress markers (MDA, GSH and TAC) revealed that prophylactic edaravone treatment attenuated oxidative stress induced by I/R injury.",These results indicate that prophylactic treatment with edaravone prevents I/R-induced ovarian damage during pneumoperitoneum in an experimental rat model.,yes
main_064,24074624,2014,Is intensive monitoring during the first transfusion in pediatric patients necessary?,"Some pediatric patients, typically those that are very young or felt to be especially sick are temporarily admitted to the intensive care unit (ICU) for observation during their first transfusion. If a significant reaction that requires ICU management does not occur, these patients are then transferred to a regular ward where future blood products are administered. The aim of this project was to determine if heightened observation such as temporary ICU admissions for the first transfusion are warranted. From the blood bank records of a tertiary care pediatric hospital, a list of patients on whom a transfusion reaction was reported between 2007 and 2012, the type of reaction and the patient's transfusion history, were extracted. The hospital location where the transfusion occurred, and whether the patient was evaluated by the ICU team or transferred to the ICU for management of the reaction was determined from the patient's electronic medical record. There were 174 acute reactions in 150 patients. Of these 150 patients, 13 (8.7%) different patients experienced a reaction during their first transfusion; all 13 patients experienced clinically mild reactions (8 febrile non-hemolytic, 4 mild allergic, and 1 patient who simultaneously had a mild allergic and a febrile non-hemolytic), and none required ICU management. Six severe reactions (6 of 174, 3.4%) involving significant hypotension and/or hypoxia that required acute and intensive management occurred during subsequent (i.e. not the first) transfusion in six patients.",The practice of intensive observation for the first transfusion in pediatric patients is probably unnecessary.,no
main_065,15708048,2005,Does prior benign prostate biopsy predict outcome for patients treated with radical perineal prostatectomy?,"To determine the effect of prior benign prostate biopsies on the surgical and clinical outcomes of patients treated with radical perineal prostatectomy for prostate cancer. A total of 1369 patients with clinically localized prostate cancer underwent radical prostatectomy by a single surgeon between 1991 and 2001. A subset of 203 patients (14.9%), who had undergone at least one prior benign prostate biopsy for a rising prostate-specific antigen and/or abnormal digital rectal examination, constituted our study population. A total of 1115 patients with no prior biopsy represented our control group. After prostatectomy, patients were evaluated at 6-month intervals for biochemical evidence of recurrence, defined as a prostate-specific antigen level of 0.5 ng/mL or greater. Patients with a prior benign biopsy had more favorable pathologic features with more organ-confined (74% versus 64%; P<0.001) and less margin-positive (9.8% versus 18%) disease. Only 24 patients (12%) in the study group (versus 20% in control group; P = 0.01) had eventual evidence of biochemical failure. Kaplan-Meier analyses suggested that patients with prior benign biopsies have improved biochemical disease-free survival, especially for those with more aggressive disease (Gleason sum 7 or greater; P<0.01). Overall, patients in the study group had lower probability (odds ratio 0.57, P<0.001) of biochemical failure compared with those in the control group.",A prior benign prostate biopsy may be independently associated with more favorable surgical and biochemical outcomes after prostatectomy. Additional studies are needed to confirm these findings.,yes
main_066,26556589,2015,Does type 1 diabetes mellitus affect Achilles tendon response to a 10 km run?,"Achilles tendon structure deteriorates 2-days after maximal loading in elite athletes. The load-response behaviour of tendons may be altered in type 1 diabetes mellitus (T1DM) as hyperglycaemia accelerates collagen cross-linking. This study compared Achilles tendon load-response in participants with T1DM and controls. Achilles tendon structure was quantified at day-0, day-2 and day-4 after a 10 km run. Ultrasound tissue characterisation (UTC) measures tendon structural integrity by classifying pixels as echo-type I, II, III or IV. Echo-type I has the most aligned collagen fibrils and IV has the least. Participants were 7 individuals with T1DM and 10 controls. All regularly ran distances greater than 5 km and VISA-A scores indicated good tendon function (T1DM = 94 ± 11, control = 94 ± 10). There were no diabetic complications and HbA1c was 8.7 ± 2.6 mmol/mol for T1DM and 5.3 ± 0.4 mmol/mol for control groups. Baseline tendon structure was similar in T1DM and control groups - UTC echo-types (I-IV) and anterior-posterior thickness were all p > 0.05. No response to load was seen in either T1DM or control group over the 4-days post exercise.","Active individuals with T1DM do not have a heightened Achilles tendon response to load, which suggests no increased risk of tendon injury. We cannot extrapolate these findings to sedentary individuals with T1DM.",no
main_067,10577397,1999,Is a pressor necessary during aortic perfusion and oxygenation therapy of cardiac arrest?,"Occlusion of the descending aorta and infusion of oxygenated ultrapurified polymerized bovine hemoglobin may improve the efficacy of advanced cardiac life support (ACLS). Because selective aortic perfusion and oxygenation (SAPO) directly increases coronary perfusion pressure, exogenous epinephrine may not be required. The purpose of this study was to determine whether exogenous epinephrine is necessary during SAPO by comparing the rate of return of spontaneous circulation and aortic and coronary perfusion pressures during ACLS-SAPO in animals treated with either intra-aortic epinephrine or saline solution. A prospective, randomized, interventional before-after trial with a canine model of ventricular fibrillation cardiac arrest and ACLS based on external chest compression was performed. The ECG, right atrial, aortic arch, and esophageal pulse pressures were measured continuously. A descending aortic occlusion balloon catheter was placed through the femoral artery. Ventricular fibrillation was induced, and no therapy was given during the 10-minute arrest time. Basic life support was then initiated and normalized by standardization of esophageal pulse pressure and central aortic blood gases. After 3 minutes of basic life support, the aortic occlusion balloon was inflated, and 0.01 mg/kg epinephrine or saline solution was administered through the aortic catheter followed by 450 mL of ultrapurified polymerized bovine hemoglobin over 2 minutes. Defibrillation was then attempted. The outcomes and changes in intravascular pressures were compared. Aortic pressures were higher during infusions in animals treated with epinephrine. During infusion, the mean aortic relaxation pressure increased by 58+/-5 mm Hg in animals that had received epinephrine versus 20+/-11 mm Hg in those that had received saline placebo. The coronary perfusion pressure during infusion increased by 52+/-8 mm Hg in animals that had received epinephrine versus 26+/-10 mm Hg in those that had received saline. Only 2 of 7 animals in the placebo group had return of spontaneous circulation versus 7 of 8 in the epinephrine group.",The addition of epinephrine to ACLS-SAPO increases vital organ perfusion pressures and improves outcome from cardiac arrest. There appears to be a profound loss of arterial vasomotor tone after prolonged arrest. This loss of vasomotor tone may make exogenous pressors necessary for resuscitation after prolonged cardiac arrest.,yes
main_068,9044116,1997,Biliary atresia: should all patients undergo a portoenterostomy?,"The management of noncorrectable extra hepatic biliary atresia includes portoenterostomy, although the results of the surgery are variable. This study was done to develop criteria that could successfully predict the outcome of surgery based on preoperative data, including percutaneous liver biopsy, allowing a more selective approach to the care of these babies. The charts and biopsy results of 31 patients who underwent a Kasai procedure for biliary atresia between 1984 and 1994 were reviewed. Values for preoperative albumin, bilirubin, age of patient at Kasai, and lowest postoperative bilirubin were recorded. Surgical success was defined as postoperative bilirubin that returned to normal. A pathologist blinded to the child's eventual outcome graded the pre-Kasai needle liver biopsy results according to duct proliferation, ductal plate lesion, bile in ducts, lobular inflammation, giant cells, syncitial giant cells, focal necrosis, bridging necrosis, hepatocyte ballooning, bile in zone 1, 2, and 3, cholangitis, and end-stage cirrhosis. Clinical outcome was then predicted. Success after portoenterostomy could not reliably be predicted based on gender, age at Kasai, preoperative bilirubin or albumin levels. Histological criteria, however, predicted outcome in 27 of 31 patients (P<.01). Fifteen of 17 clinical successes were correctly predicted; as were 12 of 14 clinical failures (sensitivity, 86%; specificity, 88%). Individually, the presence of syncitial giant cells, lobular inflammation, focal necrosis, bridging necrosis, and cholangitis, were each associated with failure of the portoenterostomy (P<.05). Bile in zone 1 was associated with clinical success of the procedure (P<.05).","Based on the predictive information available in a liver biopsy, we conclude that those patients who will not benefit from a Kasai procedure can be identified preoperatively, and channeled immediately to transplantation.",no
main_069,22617083,2012,Does age moderate the effect of personality disorder on coping style in psychiatric inpatients?,"To examine age-related differences in the relationship between personality and coping strategies in an Australian population of psychiatric inpatients. Consenting eligible adults (N=238) from 18-100 years of age consecutively admitted to inpatient psychiatry units were assessed using the SCID I and II, the Coping Orientations to Problems Experienced Scale (COPE), the Brief Psychiatric Rating Scale (BPRS), the Global Assessment of Functioning Scale (GAF), the Social and Occupational Functioning Assessment Scale (SOFAS), the 12 Item Short-Form Heath Survey (SF12), the Sarason Social Support Questionnaire, and the NEO Five Factor Inventory (NEO-FFI) (cognitively impaired, and non-English speaking patients were excluded). Older adults reported less symptomatology than younger patients and younger patients described more personality dysfunction than older patients. As assessed by the COPE, older adults reported lower levels of dysfunctional coping strategies than younger adults. Personality traits, social supports, gender, and age predicted coping strategies, while Axis I diagnosis, education, personality disorder, and symptom severity were not significant predictors of coping strategies.",This study found that influences on coping were multifactorial and moderated by age. These factors have implications for interventions designed to enhance coping strategies.,yes
main_070,28196511,2017,"Antiretroviral therapy related adverse effects: Can sub-Saharan Africa cope with the new ""test and treat"" policy of the World Health Organization?","Recent studies have shown that early antiretroviral therapy (ART) initiation results in significant HIV transmission reduction. This is the rationale behind the ""test and treat"" policy of the World Health Organization (WHO). Implementation of this policy will lead to an increased incidence of ART-related adverse effects, especially in sub-Saharan Africa (SSA). Is the region yet ready to cope with such a challenging issue? The introduction and widespread use of ART have drastically changed the natural history of HIV/AIDS, but exposure to ART leads to serious medication-related adverse effects mainly explained by mitochondrial toxicities, and the situation will get worse in the near future. Indeed, ART is associated with an increased risk of developing cardiovascular disease, lipodystrophy, prediabetes and overt diabetes, insulin resistance and hyperlactatemia/lactic acidosis. The prevalence of these disorders is already high in SSA, and the situation will be exacerbated by the implementation of the new WHO recommendations. Most SSA countries are characterized by (extreme) poverty, very weak health systems, inadequate and low quality of health services, inaccessibility to existing health facilities, lack of (qualified) health personnel, lack of adequate equipment, inaccessibility and unaffordability of medicines, and heavy workload in a context of a double burden of disease. Additionally, there is dearth of data on the incidence and predictive factors of ART-related adverse effects in SSA, to anticipate on strategies that should be put in place to prevent the occurrence of these conditions or properly estimate the upcoming burden and prepare an adequate response plan. These are required if we are to anticipate and effectively prevent this upcoming burden.","While SSA would be the first region to experience the huge benefits of implementing the ""test and treat"" policy of the WHO, the region is not yet prepared to manage the consequential increased burden of ART-related toxic and metabolic complications. Urgent measures should be taken to fill the lacunae if SSA is not to become over-burdened by the consequences of the ""test and treat"" policy.",no
main_071,23337545,2013,Is acute fibrinous and organizing pneumonia the expression of immune dysregulation?,"Acute fibrinous and organizing pneumonia (AFOP) is a recently described histologic pattern of diffuse pulmonary disease. In children, all cases reported to date have been fatal. In this study, we describe the first nonfatal AFOP in a child and review the literature. A 10-year-old boy developed very severe aplastic anemia (VSAA) after being admitted to our hospital with a fulminant hepatic failure of unknown origin. A chest computed tomography scan revealed multiple lung nodules and a biopsy of a pulmonary lesion showed all the signs of AFOP. Infectious workup remained negative. We started immunosuppressive therapy with antithymocyte globulin and cyclosporine to treat VSAA. Subsequent chest computed tomography scans showed a considerable diminution of the lung lesions but the VSAA did not improve until we performed hematopoietic stem cell transplantation 5 months later.","Aplastic anemia is associated with a variety of autoimmune syndromes. The sequence of events in our patient suggests that the hepatic failure, AFOP, and the VSAA may all have been part of an autoimmune syndrome. AFOP could be the result of immune dysregulation in this pediatric case with favorable outcome after immunosuppressive therapy and hematopoietic stem cell transplantation.",yes
main_072,26126304,,Estradiol and Antagonist Pretreatment Prior to Microdose Leuprolide in in Vitro Fertilization. Does It Improve IVF Outcomes in Poor Responders as Compared to Oral Contraceptive Pill?,"To compare in vitro fertilization (IVF) outcomes in low responders stimulated with microdose leuprolide protocol (ML) following pretreatment with either oral contraceptive pill (OCP) or luteal estradiol (E2) + GnRH antagonist (E2 + antag) for follicular synchronization prior to controlled ovarian hyperstimulation (COH). This was a retrospective study of 130 women, who were poor responders, undergoing IVF with either OCP/ML or E2+ antag/ML protocols. The main outcome measures were ongoing pregnancy rates, number of oocytes retrieved, and cancellation rate. Both groups were similar in baseline characteristics. There were no significant differences in gonadotropin requirement, cancellation rate, and number of embryos transferred. Ongoing pregnancy rates (40% vs. 15%) were significantly higher in the OCP/ML group. Trends toward greater number of oocytes retrieved (7.7 ± 3.4 vs. 5.9 ± 4.2) and improved implantation rates (20% vs. 12%) were also noted, but these did not reach statistical significance.",E2+antag pretreatment does not appear to improve IVF outcomes in ML protocol when compared to the standard OCP in poor responders. Randomized trials with adequate power to study the optimal method of steroid pretreatments appear justified.,no
main_073,17062225,2006,Thoracic and thoracoabdominal aneurysm repair: is reimplantation of spinal cord arteries a waste of time?,"The impact of different strategies for management of intercostal and lumbar arteries during repair of thoracic and thoracoabdominal aortic aneurysms (TAA/A) on the prevention of paraplegia remains poorly understood. One hundred consecutive patients with intraoperative monitoring of motor evoked potentials (MEP) and somatosensory evoked potentials (SSEP) during TAA/A repair involving serial segmental artery sacrifice (October 2002 to December 2004) were reviewed. Operative mortality was 6%. The median intensive care unit stay was 2.5 days (IQ range: 1-4 days), and the median hospital stay 10.0 days (IQ range: 8-17 days). Potentials remained unchanged during the course of serial segmental artery sacrifice, or could be returned to baseline levels by anesthetic and blood pressure manipulation, in 99 of 100 cases. An average of 8.0 +/- 2.6 segmental artery pairs were sacrificed overall, with an average of 4.5 +/- 2.1 segmental pairs sacrificed between T7 and L1, where the artery of Adamkiewicz is presumed to arise. Postoperative paraplegia occurred in 2 patients. In 1, immediate paraplegia was precipitated by an intraoperative dissection, resulting in 6 hours of lower body ischemia. A second ambulatory patient had severe paraparesis albeit normal cerebral function after resuscitation from a respiratory arrest.","With monitoring of MEP and SSEP, sacrifice--without reimplantation--of as many as 15 intercostal and lumbar arteries during TAA/A repair is safe, resulting in acceptably low rates of immediate and delayed paraplegia. This experience suggests that routine surgical implantation of segmental vessels is not indicated, and that, with evolving understanding of spinal cord perfusion, endovascular repair of the entire thoracic aorta should ultimately be possible without spinal cord injury.",yes
main_074,26536001,2016,Is There an Additional Value of Using Somatostatin Receptor Subtype 2a Immunohistochemistry Compared to Somatostatin Receptor Scintigraphy Uptake in Predicting Gastroenteropancreatic Neuroendocrine Tumor Response?,"It is unknown whether tumoral somatostatin receptor subtype 2a (sst2a) immunohistochemistry (IHC) has additional value compared to somatostatin receptor scintigraphy (SRS) uptake using OctreoScan® in predicting response to peptide receptor radiotherapy using 177Lu-octreotate (PRRT) in patients with gastroenteropancreatic neuroendocrine tumors (GEP-NETs). The aims of this study were: (1) to establish the percentage of sst2a immunopositivity in GEP-NET samples of PRRT-treated patients, (2) to determine the relationship between best GEP-NET response using RECIST 1.0 criteria 1 year after PRRT and tumoral sst2a IHC, and (3) to compare characteristics of patients with sst2a IHC-negative and -positive tumors. All 73 consecutive patients were selected for PRRT based on a positive SRS. Radiological response was scored according to RECIST 1.0 criteria. sst2a status was detected on tumor samples by IHC. In total, 93% of GEP-NET samples showed sst2a IHC positivity. No statistically significant relationship was observed between in vitro sst2a expression and in vivo best GEP-NET response 1 year after PRRT (p = 0.47). Sex, primary tumor site, disease stage, ENETS TNM classification, Ki-67 index, highest serum chromogranin-A level, and highest neuron-specific enolase level were not significantly different between patients with negative and positive sst2a tumoral IHC with the exception of age at diagnosis (p = 0.007).",sst2a IHC of tumor samples has no additional value compared to SRS uptake using OctreoScan® in predicting tumor response after PRRT.,no
main_075,25186850,2015,May student examiners be reasonable substitute examiners for faculty in an undergraduate OSCE on medical emergencies?,"To compare the effect of student examiners (SE) to that of faculty examiners (FE) on examinee performance in an OSCE as well as on post-assessment evaluation in the area of emergency medicine management. An OSCE test-format (seven stations: Advanced Cardiac Life Support (ACLS), Basic Life Support (BLS), Trauma-Management (TM), Pediatric-Emergencies (PE), Acute-Coronary-Syndrome (ACS), Airway-Management (AM), and Obstetrical-Emergencies (OE)) was administered to 207 medical students in their third year of training after they had received didactics in emergency medicine management. Participants were randomly assigned to one of the two simultaneously run tracks: either with SE (n = 110) or with FE (n = 98). Students were asked to rate each OSCE station and to provide their overall OSCE perception by means of a standardized questionnaire. The independent samples t-test was used and effect sizes were calculated (Cohens d). Students achieved significantly higher scores for the OSCE stations ""TM"", ""AM"", and ""OE"" as well as ""overall OSCE score"" in the SE track, whereas the station score for ""PE"" was significantly higher for students in the FE track. Mostly small effect sizes were reported. In the post-assessment evaluation portion of the study, students gave significant higher ratings for the ACS station and ""overall OSCE evaluation"" in the FE track; also with small effect sizes.","It seems quite admissible and justified to encourage medical students to officiate as examiners in undergraduate emergency medicine OSCE formative testing, but not necessarily in summative assessment evaluations.",yes
main_076,21726930,2011,Is endometrial polyp formation associated with increased expression of vascular endothelial growth factor and transforming growth factor-beta1?,"Endometrial polyp is a common cause of abnormal uterine bleeding, but the etiology and pathogenesis remain unclear. Vascular endothelial growth factor (VEGF) is angiogenic, related to thick walled vessels and transforming growth factor-beta1 (TGF-β1) is related to fibrotic tissue, which are characteristics of endometrial polyps. The primary objective of this study was to find out if endometrial polyp formation is associated with increased expression of VEGF or TGF-β1, or both. A secondary objective is to determine if the changes are related to steroid receptor expression. This prospective study compared VEGF and TGF-β1 expression of endometrial polyps and adjacent endometrial tissue in 70 premenopausal women. The comparison of results was separately made for endometrium specimens obtained in the proliferative and secretory phases. The results were correlated with the steroid receptors (estrogen receptor and progesterone receptor) expression. The score of VEGF in glandular cells of endometrial polyps was significantly higher than the score in adjacent endometrium, both in the proliferative phase (P<0.001) and the secretory phase (P=0.03); the score of VEGF in stromal cells of endometrial polyps was significantly higher than the score in adjacent endometrium only in proliferative phase (P=0.006). The score of TGF-β1 in glandular cells of endometrial polyps was significantly higher than the score in adjacent endometrium in proliferative phase (P=0.02); whereas the score of TGF-β1 in stromal cells of endometrial polyps was significantly higher than the score in adjacent endometrium, both in the proliferative phase (P=0.006) and the secretory phase (P=0.008). There was a significant correlation between the expression of steroid receptors and VEGF and TGF-β1 (Spearman's correlation P<0.001 and P<0.05, respectively).","There was increased expression of TGF-β1 and VEGF in polyps compared to adjacent normal endometrial tissue. It suggested that these cytokines might play a role in endometrial polyp formation. In addition, there was a significant correlation between steroid receptor expression and VEGF and TGF-β1 expression.",yes
main_077,23234860,2013,Delays in time to primary treatment after a diagnosis of breast cancer: does it impact survival?,"Treatment delays in breast cancer are generally thought to affect prognosis but the impact on survival remains unclear. Indicators for breast cancer care include time to primary treatment. The purpose of this study was to evaluate whether time to primary treatment (TPT) in breast cancer impacts survival. A total of 648 breast cancer patients treated in the University Malaya Medical Center (UMMC), Malaysia between 2004 and 2005 were included in the study. TPT was calculated from the date of pathological diagnosis to the date of primary treatment. Mortality data was obtained from the National Registry of Births and Deaths. Last date of follow-up was November 2010. Median TPT was 18 days. Majority 508 (69.1%) of the patients received treatment within 30 days after diagnosis. The majority was surgically treated. Ethnicity (p=0.002) and stage at presentation (p=0.007) were significantly associated with delayed TPT. Malay ethnicity had delayed TPT compared to the Chinese; Hazard Ratio (HR) 1.9 (Confidence Interval (CI) 1.237, 2.987). Delayed TPT did not affect overall survival on univariate and multivariate analyses.",Time to primary treatment after a diagnosis of breast cancer had no impact on overall survival. Further studies on care before diagnosis are important in drawing up meaningful quality indicators.,no
main_078,25070942,2015,Can mass drug administration lead to the sustainable control of schistosomiasis?,"In the Philippines, the current national control strategy for schistosomiasis is annual mass drug administration (MDA) with 40 mg/kg of praziquantel in all schistosomiasis-endemic villages with a prevalence ≥10%. A cross-sectional survey of schistosomiasis was conducted in 2012 on 18 221 individuals residing in 22 schistosomiasis-endemic villages in the province of Northern Samar. The prevalence of schistosomiasis, intensity of Schistosoma infection, and morbidity of disease were assessed. Despite an active schistosomiasis-control program in Northern Samar for>30 years, which included a MDA campaign in the last 5 years, the mean prevalence of schistosomiasis among 10 435 evaluated subjects was 27.1% (95% confidence interval [CI], 26.3%-28.0%), and the geometric mean intensity of infection among 2832 evaluated subjects was 17.2 eggs per gram of feces (95% CI, 16.4-18.1). Ultrasonography revealed high levels of schistosomiasis-induced morbidity in the schistosomiasis-endemic communities. Left lobe liver enlargement (≥70 mm) was evident in 89.3% of subjects. Twenty-five percent of the study population had grade II/III liver parenchyma fibrosis, and 13.3% had splenomegaly (≥100 mm).","MDA on its own was insufficient to control the prevalence of schistosomiasis, intensity of Schistosoma infection, or morbidity of the disease. Alternative control measures will be needed to complement the existing national MDA program.",no
main_079,20306735,2009,Fulfilling human resources development goal in West Africa: can the training of ophthalmologist diplomates be improved?,"To ascertain the perspectives of Trainee Ophthalmologist Diplomats (TOD) on the Ophthalmic Diploma Training (ODT) in West Africa with a view to improving the programme. A survey of set 2005 TOD on ODT was carried out in Ghana, 2006. The trainees included 10 (83.35%) males and two (16.7%) females whose ages ranged between thirty-two and fifty-one years. The sponsors of the trainees included Sight Savers International, five (41.7%); Christian Blind Mission International, three (25.0%); Eye Foundation, Lagos, Nigeria two (16.7%); Ministry of Defence Nigeria, one (8.3%); and Health Authority Ghana, one (8.3%). Nine trainees (75.0%) felt the programme was well structured, training allowances were adequate eight (66.7%) and inadequate four (33.3%). Eleven (91.7%) trainees would work wherever they were posted; ten (83.3%) trainees had sense of fulfillment and three (25%) would like to proceed for residency training. All trainees were at least good in chalazion surgery and treatment of common medical eye conditions. Majority were at least good in eye surgery like cataract, eleven (91.7%); trabeculectomy nine (75.0%); pterygium 10 (83.3%); eyelid, eight (66.7%); destructive 11 (91.6%) and refraction 9 (75.0%). Some trainees' perceived problems included inadequate sponsorship (33.3%), short duration of the course four (33.3%) and poor accommodation facility two (16.7%). However, trainees' suggested increase in training posts, four (33.3); training allowance three (25.0%); and incentives for trainers/training hospitals two (16.7%).",The ODT programme ensures ophthalmic manpower for secondary eye care level despite challenges. The stakeholders should look into problems facing the programme in order to improve it.,yes
main_080,24669960,2014,Does the sex of acute stroke patients influence the effectiveness of rt-PA?,"Women have been reported to show more frequent recanalization and better recovery after intravenous (IV) recombinant tissue plasminogen activator (rt-PA) treatment for acute stroke compared with men. To investigate this we studied a series of stroke patients receiving IV rt-PA and undergoing acute transcranial doppler (TCD) examination. Acute stroke patients received IV rt-PA and had acute TCD examination within 4 hours of symptom onset at 4 major stroke centers. TCD findings were interpreted using the Thrombolysis in Brain Ischemia (TIBI) flow grading system. The recanalization rates, and poor 3-month outcomes (modified Rankin scale>2) of men and women were compared using the chi-square test. Multiple regression analysis was used to assess sex as a predictor of recanalization and poor 3-month outcome after controlling for age, baseline NIH Stroke Scale (NIHSS), time to treatment, hypertension, and blood glucose. 369 patients had TCD examinations before or during IV rt-PA treatment. The 199 (53.9%) men and 170 (46.1%) women had mean ages of 67 ± 13 and 70 ± 14 years, respectively. The sexes did not differ significantly in baseline stroke severity, time to TCD examination, or time to thrombolysis. Of the men, 68 (34.2%) had complete recanalization, 58 (29.1%) had partial recanalization, and 73 (36.6%) had no recanalization. Of the women, 53 (31.2%) had complete recanalization, 46 (27%) had partial recanalization, and 71 (41.8%) had no recanalization (p = 0.6). Multiple regression analyses showed no difference between the sexes in recanalization rate, time to recanalization, or clinical outcome at 3 months.","In our study; sex is not a significant predictor of recanalization rate, time to recanalization or 3-month outcome in stroke patients following IV rt-PA.",no
main_081,26449554,2016,Does either obesity or OSA severity influence the response of autotitrating CPAP machines in very obese subjects?,"The pressures delivered by autotitrating continuous positive airways pressure (CPAP) devices not only treat obstructive sleep apnoea (OSA) effectively but also give potentially interesting physiological information about the forces impinging on the pharynx. In earlier work from this unit, we used correlations between autoCPAP pressure and both OSA severity and obesity, to construct an algorithm to estimate the fixed CPAP pressure a patient required for subsequent clinical use. We wished to discover if these relationships could be reliably extended to a much more obese group. We performed a prospective cohort study in an obese population. Measurements of obesity were made, OSA severity was recorded, and the 95th centile autoCPAP pressure was recorded during 1 week of autoCPAP. Spearman's rank correlation was performed between measurements of obesity and autoCPAP pressure, and between OSA severity and autoCPAP pressure. Fifty-four obese individuals (median body mass index (BMI) 43.0 kg/m(2)), 52 % of whom had OSA (apnoea-hypopnoea index (AHI) ≥ 15), had a median 95th centile autoCPAP pressure of 11.8 cmH2O. We found no significant correlation between autoCPAP pressure and neck circumference, waist circumference or BMI. There was a moderate correlation between autoCPAP pressure and OSA severity (AHI r = 0.34, p = 0.02; oxygen desaturation index (ODI) r = 0.48, p < 0.001).","In this population, neither BMI nor neck circumference nor waist circumference is predictive of autoCPAP pressure. Therefore, the previously derived algorithm does not adequately predict the fixed CPAP pressure for subsequent clinical use in these obese individuals. In addition, some subjects without OSA generated high autoCPAP pressures, and thus, the correlation between OSA severity and autoCPAP pressure was only moderate.",yes
main_082,23222920,2013,Pancreas retransplantation:  a second chance for diabetic patients?,"If pancreas transplantation is a validated alternative for type 1 diabetic patients with end-stage renal disease, the management of patients who have lost their primary graft is poorly defined. This study aims at evaluating pancreas retransplantation outcome. Between 1976 and 2008, 569 pancreas transplantations were performed in Lyon and Geneva, including 37 second transplantations. Second graft survival was compared with primary graft survival of the same patients and the whole population. Predictive factors of second graft survival were sought. Patient survival and impact on kidney graft function and survival were evaluated. Second pancreas survival of the 17 patients transplanted from 1995 was close to primary graft survival of the whole population (71% vs. 79% at 1 year and 59% vs. 69% at 5 years; P=0.5075) and significantly better than their first pancreas survival (71% vs. 29% at 1 year and 59% vs. 7% at 5 years; P=0.0008) regardless of the cause of first pancreas loss. The same results were observed with all 37 retransplantations. Survival of second simultaneous pancreas and kidney transplantations was better than survival of second pancreas after kidney. Patient survival was excellent (89% at 5 years). Pancreas retransplantation had no impact on kidney graft function and survival (100% at 5 years).",Pancreas retransplantation is a safe procedure with acceptable graft survival that should be proposed to diabetic patients who have lost their primary graft.,yes
main_083,15222284,2004,The effective orifice area/patient aortic annulus area ratio: a better way to compare different bioprostheses?,"The aim of this prospective, randomized study was to compare the hemodynamic performance of the Medtronic Mosaic and Edwards Perimount bioprostheses in the aortic position, and to evaluate prosthesis-specific differences in valve sizing and valve-size labeling. Between August 2000 and September 2002, 139 patients underwent isolated aortic valve replacement (AVR) with the Mosaic (n = 67) or Perimount (n = 72) bioprosthesis. Intraoperatively, the internal aortic annulus diameter was measured by insertion of a gauge (Hegar dilator), while prosthesis size was determined by using the original sizers. Transthoracic echocardiography was performed to determine hemodynamic and dimensional data. As the aim of AVR is to achieve a maximal effective orifice area (EOA) within a given aortic annulus, the ratio of EOA to patient aortic annulus area was calculated, the latter being based on annulus diameter measured intraoperatively. Operative mortality was 2.2% (Mosaic 3.0%; Perimount 1.4%; p = NS). Upsizing (using a prosthesis larger in labeled valve size than the patient's measured internal aortic annulus diameter) was possible in 28.4% of Mosaic patients and 8.3% of Perimount patients. The postoperative mean systolic pressure gradient ranged from 10.5 to 22.2 mmHg in the Mosaic group, and from 9.4 to 12.6 mmHg in the Perimount group; it was significantly lower for 21 and 23 Perimount valves than for 21 and 23 Mosaic valves. The EOA ranged from 0.78 to 2.37 cm2 in Mosaic patients, and from 0.95 to 2.12 cm2 in Perimount patients. When indexing EOA by calculating the ratio of EOA to patient aortic annulus area to adjust for variables such as patient anatomy and valve dimensions, there was no significant difference between the two bioprostheses.",Comparisons of absolute EOA values grouped by the manufacturers' valve sizes are misleading because of specific differences in geometric dimensions. The EOA:patient aortic annulus area ratio provides a new hemodynamic index which may facilitate objective comparisons between different valve types.,yes
main_084,23774337,2013,Does the central venous pressure predict fluid responsiveness?,"Despite a previous meta-analysis that concluded that central venous pressure should not be used to make clinical decisions regarding fluid management, central venous pressure continues to be recommended for this purpose.AIM: To perform an updated meta-analysis incorporating recent studies that investigated indices predictive of fluid responsiveness. A priori subgroup analysis was planned according to the location where the study was performed (ICU or operating room). MEDLINE, EMBASE, Cochrane Register of Controlled Trials, and citation review of relevant primary and review articles. Clinical trials that reported the correlation coefficient or area under the receiver operating characteristic curve (AUC) between the central venous pressure and change in cardiac performance following an intervention that altered cardiac preload. From 191 articles screened, 43 studies met our inclusion criteria and were included for data extraction. The studies included human adult subjects, and included healthy controls (n = 1) and ICU (n = 22) and operating room (n = 20) patients. Data were abstracted on study characteristics, patient population, baseline central venous pressure, the correlation coefficient, and/or the AUC between central venous pressure and change in stroke volume index/cardiac index and the percentage of fluid responders. Meta-analytic techniques were used to summarize the data. Overall 57% ± 13% of patients were fluid responders. The summary AUC was 0.56 (95% CI, 0.54-0.58) with no heterogenicity between studies. The summary AUC was 0.56 (95% CI, 0.52-0.60) for those studies done in the ICU and 0.56 (95% CI, 0.54-0.58) for those done in the operating room. The summary correlation coefficient between the baseline central venous pressure and change in stroke volume index/cardiac index was 0.18 (95% CI, 0.1-0.25), being 0.28 (95% CI, 0.16-0.40) in the ICU patients, and 0.11 (95% CI, 0.02-0.21) in the operating room patients.",There are no data to support the widespread practice of using central venous pressure to guide fluid therapy. This approach to fluid resuscitation should be abandoned.,no
main_085,10173769,1997,Longer term quality of life and outcome in stroke patients: is the Barthel index alone an adequate measure of outcome?,"To consider whether the Barthel Index alone provides sufficient information about the long term outcome of stroke. Cross sectional follow up study with a structured interview questionnaire and measures of impairment, disability, handicap, and general health. The scales used were the hospital anxiety and depression scale, mini mental state examination, Barthel index, modified Rankin scale, London handicap scale, Frenchay activities index, SF36, Nottingham health profile, life satisfaction index, and the caregiver strain index. South east London. People, and their identified carers, resident in south east London in 1989-90 when they had their first in a life-time stroke aged under 75 years. Observational study. Comparison and correlation of the individual Barthel index scores with the scores on other outcome measures. One hundred and twenty three (42%) people were known to be alive, of whom 106 (86%) were interviewed. The median age was 71 years (range 34-79). The mean interval between the stroke and follow up was 4.9 years. The rank correlation coefficients between the Barthel and the different dimensions of the SF36 ranged from r = 0.217 (with the role emotional dimension) to r = 0.810 (with the physical functioning dimension); with the Nottingham health profile the range was r = -0.189 (with the sleep dimension, NS) to r = -0.840 (with the physical mobility dimension); with the hospital and anxiety scale depression component the coefficient was r = -0.563, with the life satisfaction index r = 0.361, with the London handicap scale r = 0.726 and with the Frenchay activities index r = 0.826.","The place of the Barthel index as the standard outcome measure for populations of stroke patients is still justified for long term follow up, and may be a proxy for different outcome measures intended for the assessment of other domains.",yes
main_086,24577079,2014,Does strategy training reduce age-related deficits in working memory?,"Older adults typically perform worse on measures of working memory (WM) than do young adults; however, age-related differences in WM performance might be reduced if older adults use effective encoding strategies. The purpose of the current experiment was to evaluate WM performance after training individuals to use effective encoding strategies. Participants in the training group (older adults: n = 39; young adults: n = 41) were taught about various verbal encoding strategies and their differential effectiveness and were trained to use interactive imagery and sentence generation on a list-learning task. Participants in the control group (older: n = 37; young: n = 38) completed an equally engaging filler task. All participants completed a pre- and post-training reading span task, which included self-reported strategy use, as well as two transfer tasks that differed in the affordance to use the trained strategies - a paired-associate recall task and the self-ordered pointing task. Both young and older adults were able to use the target strategies on the WM task and showed gains in WM performance after training. The age-related WM deficit was not greatly affected, however, and the training gains did not transfer to the other cognitive tasks. In fact, participants attempted to adapt the trained strategies for a paired-associate recall task, but the increased strategy use did not benefit their performance.","Strategy training can boost WM performance, and its benefits appear to arise from strategy-specific effects and not from domain-general gains in cognitive ability.",no
main_087,10575390,,Do follow-up recommendations for abnormal Papanicolaou smears influence patient adherence?,"To compare adherence to follow-up recommendations for colposcopy or repeated Papanicolaou (Pap) smears for women with previously abnormal Pap smear results. Retrospective cohort study. Three northern California family planning clinics. All women with abnormal Pap smear results referred for initial colposcopy and a random sample of those referred for repeated Pap smear. Medical records were located and reviewed for 90 of 107 women referred for colposcopy and 153 of 225 women referred for repeated Pap smears. Routine clinic protocols for follow-up--telephone call, letter, or certified letter--were applied without regard to the type of abnormality seen on a Pap smear or recommended examination. Documented adherence to follow-up within 8 months of an abnormal result. Attempts to contact the patients for follow-up, adherence to follow-up recommendations, and patient characteristics were abstracted from medical records. The probability of adherence to follow-up vs the number of follow-up attempts was modeled with survival analysis. Cox proportional hazards models were used to examine multivariate relationships related to adherence. The rate of overall adherence to follow-up recommendations was 56.0% (136/243). Adherence to a second colposcopy was not significantly different from that to a repeated Pap smear (odds ratio, 1.40; 95% confidence interval, 0.80-2.46). The use of as many as 3 patient reminders substantially improved adherence to follow-up. Women without insurance and women attending 1 of the 3 clinics were less likely to adhere to any follow-up recommendation (hazard ratio for no insurance, 0.43 [95% confidence interval, 0.20-0.93], and for clinic, 0.35 [95% confidence interval, 0.15-0.73]).","Adherence to follow-up was low in this family planning clinic population, no matter what type of follow-up was advised. Adherence was improved by the use of up to 3 reminders. Allocating resources to effective methods for improving adherence to follow-up of abnormal results may be more important than which follow-up procedure is recommended.",no
main_088,21256734,2011,Does pain intensity predict a poor opioid response in cancer patients?,"A secondary analysis of one-hundred-sixty-seven patients referred for treatment of cancer-related pain was conducted. Pain intensity at admission was recorded and patients were divided in three categories of pain intensity: mild, moderate and severe. Patients were offered a treatment with opioid dose titration, according to department policy. Data regarding opioid doses and pain intensity were collected after dose titration was completed. Four levels of opioid response were considered: (a) good pain control, with minimal opioid escalation and without relevant adverse effects; (b) good pain control requiring more aggressive opioid escalation, for example doubling the doses in four days; (c) adequate pain control associated with the occurrence of adverse effects; (d) poor pain control with adverse effects. Seventy-six, forty-four, forty-one and six patients showed a response a, b, c, and d, respectively. No correlation between baseline pain intensity categories and opioid response was found. Patients with response 'b' and 'd' showed higher values of OEImg.",Baseline pain intensity does not predict the outcome after an appropriate opioid titration. It is likely that non-homogeneous pain treatment would have biased the outcome of a previous work.,no
main_089,17096624,,Do patterns of knowledge and attitudes exist among unvaccinated seniors?,To examine patterns of knowledge and attitudes among adults aged>65 years unvaccinated for influenza. Surveyed Medicare beneficiaries in 5 areas; clustered unvaccinated seniors by their immunization related knowledge and attitudes. Identified 4 clusters: Potentials (45%) would receive influenza vaccine to prevent disease; Fearful Uninformeds (9%) were unsure if influenza vaccine causes illness; Doubters (27%) were unsure if vaccine is efficacious; Misinformeds (19%) believed influenza vaccine causes illness. More Potentials (75%) and Misinformeds (70%) ever received influenza vaccine than did Fearful Uninformeds (18%) and Doubters (29%).,Findings suggest that cluster analyses may be useful in identifying groups for targeted health messages.,yes
main_090,15466981,2004,Prostate-specific antigen and free prostate-specific antigen in the early detection of prostate cancer: do combination tests improve detection?,"The combined use of free and total prostate-specific antigen (PSA) in early detection of prostate cancer has been controversial. This article systematically evaluates the discriminating capacity of a large number of combination tests. Free and total PSA were analyzed in stored serum samples taken prior to diagnosis in 429 cases and 1,640 controls from the Physicians' Health Study. We used a classification algorithm called logic regression to search for clinically useful tests combining total and percent free PSA and receiver operating characteristic analysis and compared these tests with those based on total and complexed PSA. Data were divided into training and test subsets. For robustness, we considered 35 test-train splits of the original data and computed receiver operating characteristic curves for each test data set. The average area under the receiver operating characteristic curve across test data sets was 0.74 for total PSA and 0.76 for the combination tests. Combination tests with higher sensitivity and specificity than PSA>4.0 ng/mL were identified 29 out of 35 times. All these tests extended the PSA reflex range to below 4.0 ng/mL. Receiver operating characteristic curve analysis indicated that the overall diagnostic performance as expressed by the area under the curve did not differ significantly for the different tests.","Tests combining total and percent free PSA show modest overall improvements over total PSA. However, utilization of percent free PSA below a PSA threshold of 4 ng/mL could translate into a practically important reduction in unnecessary biopsies without sacrificing cancers detected.",yes
main_091,23375036,2013,An HIV1/2 point of care test on sputum for screening TB/HIV co-infection in Central India - Will it work?,"To determine whether the OraQuick® HIV-1/2 Assay (OraSure Technologies, Inc., Bethlehem, PA, USA) in sputum is a valid tool for HIV surveillance among TB patients. A cross sectional study was carried out on sputa of patients diagnosed with tuberculosis. Sputa were tested for antibodies to HIV using OraQuick® HIV-1/2 Assay (OraSure Technologies, Inc., Bethlehem, PA, USA). The results were compared with results of serum ELISA. Compared to serum ELISA, the OraQuick® HIV-1/2 Assay in sputum specimens reported 90% sensitivity (9/10) and 100% specificity (307/307), with a positive predictive value of 100% (95%CI: 66.37%-100.00%) and a negative predictive value of 99.68% (95%CI: 98.20%-99.99%).","This testing method may provide a useful strategy for conducting HIV surveillance in possible co-infected TB patients at peripheral centres. Since there is no investment on infrastructure, it may be possible for paramedical health professionals to carry out the test, particularly in areas with low HIV endemicity.",yes
main_092,24625433,2014,Are high flow nasal cannulae noisier than bubble CPAP for preterm infants?,"Noise exposure in the neonatal intensive care unit is believed to be a risk factor for hearing loss in preterm neonates. Continuous positive airway pressure (CPAP) devices exceed recommended noise levels. High flow nasal cannulae (HFNC) are an increasingly popular alternative to CPAP for treating preterm infants, but there are no in vivo studies assessing noise production by HFNC. To study whether HFNC are noisier than bubble CPAP (BCPAP) for preterm infants. An observational study of preterm infants receiving HFNC or BCPAP. Noise levels within the external auditory meatus (EAM) were measured using a microphone probe tube connected to a calibrated digital dosimeter. Noise was measured across a range of frequencies and reported as decibels A-weighted (dBA). A total of 21 HFNC and 13 BCPAP noise measurements were performed in 21 infants. HFNC gas flows were 2-5 L/min, and BCPAP gas flows were 6-10 L/min with set pressures of 5-7 cm of water. There was no evidence of a difference in average noise levels measured at the EAM: mean difference (95% CI) of -1.6 (-4.0 to 0.9) dBA for HFNC compared to BCPAP. At low frequency (500 Hz), HFNC was mean (95% CI) 3.0 (0.3 to 5.7) dBA quieter than BCPAP. Noise increased with increasing BCPAP gas flow (p=0.007), but not with increasing set pressure. There was a trend to noise increasing with increasing HFNC gas flows.","At the gas flows studied, HFNC are not noisier than BCPAP for preterm infants.",no
main_093,19653482,2009,Do familiar teammates request and accept more backup?,The present study investigated factors that explain when and why different groups of teammates are more likely to request and accept backup from one another when needed in an environment characterized by extreme time pressure and severe consequences of error: commercial air traffic control (ATC). Transactive memory theory states that teammates develop consensus regarding the distribution of their relative expertise as well as confidence in that expertise over time and that this facilitates coordination processes. The present study investigated whether this theory could help to explain between-team differences in requesting and accepting backup when needed. The present study used cross-sectional data collected from 51 commercial ATC teams. Hypotheses were tested using multiple regression analysis. Teammates with greater experience working together requested and accepted backup from one another more than those with lesser experience working together. Teammate knowledge consensus and perceived team efficacy appear to have mediated this relationship.,Transactive memory theory extends to high-stress environments in which members' expertise is highly overlapping. Teammates' shared mental models about one another increase the likelihood that they will request and accept backup.,yes
main_094,15141797,2004,Can we rely on arterial line sampling in performing activated plasma thromboplastin time after cardiac surgery?,"Arterial catheters are routinely used to sample blood for clotting studies in most cardiothoracic intensive care units. The clotting profile in surgical bleeding after cardiac surgery influences further management. Aspiration and discard of a certain amount of blood from the line, prior to sampling, are assumed to clear heparin contamination. We have investigated this assumption through analysis of the clotting profile by simultaneous arterial line and peripheral venous samples. The morning following cardiac surgery, simultaneous arterial line and peripheral venous blood samples were taken for activated plasma thromboplastin time (APTT) ratio and international normalized ratio (INR) in 49 randomly selected patients. Also, a thromboelastogram analysis (TEG) (n = 7) was made. A survey of 22 UK cardiothoracic intensive care units was carried out to determine the practice for the withdrawal of blood for clotting studies. The median arterial APTT ratio value was 1.32 +/- 0.52 as compared to the median peripheral APTT ratio value which was 1.1 +/- 0.24 (P<0.001). INR values were statistically similar by both routes. Heparin contamination was confirmed by TEG which revealed that the R-value for arterial catheter blood samples without heparinase in the cup was higher (406.00 +/- 64.44 s) compared with the value for arterial samples with heparinase in the cup (318.28 +/- 47.26s, P<0.05). The survey of 22 UK cardiothoracic intensive care units showed that heparinized arterial lines were by far the commonest ports used for blood withdrawal for the measurement of APTT ratio results.",Samples withdrawn from heparinized arterial lines cannot be relied upon for APTT ratio results.,no
main_095,9363244,1995,Does occupational nuclear power plant radiation affect conception and pregnancy?,"To determine the effect of occupational exposure in a nuclear power plant in Griefswald, Germany on male and female fecundity. The frequency of men and women exposed to ionizing radiation through work in a nuclear power plant among 270 infertile couples was retrospectively compared to a control fertile population using a pair-matched analysis. The total cumulative equivalent radiation dose was determined. In addition, the spermiograms of the male partners in both groups were compared and correlated to the degree of exposure. No differences were noted in the frequency of nuclear power plant exposure between sterile and fertile groups. There was a higher rate of anomalous spermiograms in nuclear power plant workers. However, abnormalities were temporary. No correlation was found between the cumulative equivalent radiation dose and abnormal spermiograms.",The data suggest that occupational exposure due to ionizing radiation should be investigated as a possible cause for involuntary temporary sterility and as a risk factor for early pregnancy disorders.,yes
main_096,16776337,2006,Pituitary apoplexy: do histological features influence the clinical presentation and outcome?,"A retrospective analysis of a contemporary series of patients with pituitary apoplexy was performed to ascertain whether the histopathological features influence the clinical presentation or the outcome. A retrospective analysis was performed in 59 patients treated for pituitary apoplexy at the University of Virginia Health System, Charlottesville, Virginia, or Groote Schuur Hospital, University of Cape Town, South Africa. The patients were divided into two groups according to the histological features of their disease: one group with infarction alone, comprising 22 patients; and the other with hemorrhagic infarction and/or frank hemorrhage, comprising 37 patients. The presenting symptoms, clinical features, endocrinological status, and outcome were compared between the two groups.","The patients who presented with histological features of pituitary tumor infarction alone had less severe clinical features on presentation, a longer course prior to presentation, and a better outcome than those presenting with hemorrhagic infarction or frank hemorrhage. The endocrine replacement requirements were similar in both groups.",yes
main_097,9483814,1997,Does para-cervical block offer additional advantages in abortion induction with gemeprost in the 2nd trimester?,"Uterus-specific synthetic Prostaglandin analogues (gemeprost, sulproston etc.) have been widely employed for termination of pregnancy in the second trimester. Since paracervical anaesthesia may be useful during this procedure, we investigated in this prospective randomised study its impact on the clinical course of abortion and pain especially in the late first and second stage of labour. 20 women scheduled for elective abortion (fetal reasons) between the 16th and 23rd week of gestation were to be given 1 mg gemeprost vaginally every 6 hours. They were allocated at random: 10 women received only Pethidin intravenously and Butylscopolamine rectally, another 10 women were additionally treated by paracervical anaesthesia (2 x 10 ml 0.5% Bupivacain solution) at a cervical dilatation of 2-3 cm. A median of 3 gemeprost applications were administered in both groups. In the group without paracervical anaesthesia the median induction to abortion interval was 20 hours (range: 8-44 hours), 13 hours (range: 8-36 hours, NS) resulting for the paracervical anaesthesia group. The intervals from the last application of prostaglandin until abortion and from 3 cm cervical dilatation to abortion were slightly, but not significantly shorter in the paracervical anaesthesia group. The requirement of Butylscopolamine was higher in the latter group (p<0.05). The requirement of Pethidin and the intensity of pain (measured by pain scale according to Huskisson) especially in the late first stage of labour were not statistically different between both groups. Side effects of paracervical anaesthesia did not occur.",Paracervical anaesthesia is a method for analgesia during second trimester abortion with a low rate of side effects. It can shorten the duration of last period of second trimester abortion in some cases but has no impact on the perception of pain nor requirement of analgesics and so with only limited benefit in second trimester abortion with vaginal gemeprost.,yes
main_098,19546588,2009,Does increasing blood pH stimulate protein synthesis in dialysis patients?,"Although the mechanism of muscle wasting in end-stage renal disease is not fully understood, there is increasing evidence that acidosis induces muscle protein degradation and could therefore contribute to the loss of muscle protein stores of patients on hemodialysis, a prototypical state of chronic metabolic acidosis (CMA). Because body protein mass is controlled by the balance between synthesis and degradation, protein loss can occur as result of either increased breakdown, impaired synthesis, or both. Correction of acidosis may therefore help to maintain muscle mass and improve the health of patients with CMA. We evaluated whether alkalizing patients on hemodialysis might have a positive effect on protein synthesis and on nutritional parameters. Eight chronic hemodialysis patients were treated daily with oral sodium bicarbonate (NaHCO(3)) supplementation for 10-14 days, yielding a pre-dialytic plasma bicarbonate concentration of 28.6 +/-1.6 mmol/l. The fractional synthesis rates (FSR) of muscle protein and albumin were obtained by the L-[(2)H(5)ring]phenylalanine flooding technique. Oral NaHCO(3 )supplementation induced a significant increase in serum bicarbonate (21.5 +/- 3.4 vs. 28.6 +/- 1.6 mmol/l; p = 0.018) and blood pH (7.41 vs. 7.46; p = 0.041). The FSR of muscle protein and the FSR of albumin did not change significantly (muscle protein: 2.1 +/- 0.2 vs. 2.0 +/- 0.5% per day, p = 0.39; albumin: 8.3 +/- 2.2 vs. 8.6 +/- 2.5% per day, p = 0.31). Plasma concentrations of insulin-like growth factor 1 decreased significantly (33.4 +/- 21.3 vs. 25.4 +/- 12.3 nmol/l; p = 0.028), whereas thyroid-stimulating hormone, free thyroxin and free triiodothyronine did not change significantly and nutritional parameters showed no improvement.","In contrast to other findings, raising the blood pH of dialysis patients was not associated with a positive effect on albumin and muscle protein synthesis, or nutritional and endocrinal parameters.",no
main_099,24374414,2014,Does health information exchange reduce redundant imaging?,"Broad-based electronic health information exchange (HIE), in which patients' clinical data follow them between care delivery settings, is expected to produce large quality gains and cost savings. Although these benefits are assumed to result from reducing redundant care, there is limited supporting empirical evidence. To evaluate whether HIE adoption is associated with decreases in repeat imaging in emergency departments (EDs).DATA SOURCE/ ED discharge data from the State Emergency Department Databases for California and Florida for 2007-2010 were merged with Health Information Management Systems Society data that report hospital HIE participation. Using regression with ED fixed effects and trends, we performed a retrospective analysis of the impact of HIE participation on repeat imaging, comparing 37 EDs that initiated HIE participation during the study period to 410 EDs that did not participate in HIE during the same period. Within 3 common types of imaging tests [computed tomography (CT), ultrasound, and chest x-ray), we defined a repeat image for a given patient as the same study in the same body region performed within 30 days at unaffiliated EDs. In our sample there were 20,139 repeat CTs (representing 14.7% of those cases with CT in the index visit), 13,060 repeat ultrasounds (20.7% of ultrasound cases), and 29,703 repeat chest x-rays (19.5% of x-ray cases). HIE was associated with reduced probability of repeat ED imaging in all 3 modalities: -8.7 percentage points for CT [95% confidence interval (CI): -14.7, -2.7], -9.1 percentage points for ultrasound (95% CI: -17.2, -1.1), and -13.0 percentage points for chest x-ray (95% CI: -18.3, -7.7), reflecting reductions of 44%-67% relative to sample means.",HIE was associated with reduced repeat imaging in EDs. This study is among the first to find empirical support for this anticipated benefit of HIE.,yes
main_100,24652474,2014,Clinical identifiers for early-stage primary/idiopathic adhesive capsulitis: are we seeing the real picture?,"Adhesive capsulitis is often difficult to diagnose in its early stage and to differentiate from other common shoulder disorders. The aim of this study was to validate any or all of the 8 clinical identifiers of early-stage primary/idiopathic adhesive capsulitis established in an earlier Delphi study. This was a cross-sectional study. Sixty-four patients diagnosed with early-stage adhesive capsulitis by a physical therapist or medical practitioner were included in the study. Eight active and 8 passive shoulder movements and visual analog scale pain scores for each movement were recorded prior to and immediately following an intra-articular injection of corticosteroid and local anesthetic. Using the local anesthetic as the reference standard, pain relief of ≥70% for passive external rotation was deemed a positive anesthetic response (PAR). Sixteen participants (25%) demonstrated a PAR. Univariate logistic regression identified that of the proposed identifiers, global loss of passive range of movement (odds ratio [OR]=0.26, P=.03), pain at the end of range of all measured active movements (OR=0.06, P=.02), and global loss of passive glenohumeral movements (OR=0.23, P=.02) were associated with a PAR. Following stepwise removal of the variables, pain at the end of range of all measured active movements remained the only identifier but was associated with reduced odds of a PAR. The lack of a recognized reference standard for diagnosing early-stage adhesive capsulitis remains problematic in all related research.",None of the clinical identifiers for early-stage adhesive capsulitis previously proposed by expert consensus have been validated in this study. Clinicians should be aware that commonly used clinical identifiers may not be applicable to this stage.,no
